"[1.4702583385370331, 1.4170841104717715, 1.4083929085887217, 1.4083464194972333, 1.3924593416493163, 1.3778406577158882, 1.375192408955968, 1.3743148087615578, 1.372521405599533, 1.372025683444649, 1.3697855258142502, 1.3664820556243633, 1.339838274050961, 1.338646250560344, 1.3312703448408005, 1.3238544549071207, 1.3238447086398721, 1.3080356385856877, 1.302573402099582, 1.2990455159439376]","[0.7276968698715365, 1.171646529291969, 1.2715287170018863, 1.004443127573529, 1.1677348006701245, 1.1346685124807927, 1.1899381759555547, 1.1125794767898836, 0.9233741364798336, 1.1624995172214003, 0.9718982167961622, 1.1713962702982736, 1.2699591780073372, 0.8783773491836748, 1.075219411758272, 1.1677348006701245, 1.200379816825293, 1.0543830607077458, 1.2121196834825865, 0.9426216902957992]","[0.7276968698715365, 1.4170841104717715, 1.4083929085887217, 1.004443127573529, 1.3924593416493163, 1.1346685124807927, 1.1899381759555547, 1.1125794767898836, 1.372521405599533, 1.372025683444649, 1.3697855258142502, 1.3664820556243633, 1.339838274050961, 1.338646250560344, 1.075219411758272, 1.3238544549071207, 1.3238447086398721, 1.3080356385856877, 1.302573402099582, 1.2990455159439376]",0.6898632377989087,8.973604202270508,200,10,5,20
"[1.7919686623980653, 1.7756544688482465, 1.7755975094577543, 1.774353223708467, 1.772523694428026, 1.771351914584568, 1.76682354342856, 1.7622761359923613, 1.7583428050484458, 1.756038080120537, 1.7468188080743126, 1.7431334440330537, 1.7416354642134262, 1.732664064934213, 1.7319246843029463, 1.728180397070437, 1.726419280173653, 1.7260301322733191, 1.725271282271658, 1.7239317129287854]","[1.6606952161962334, 1.6904878542605069, 1.6780238767517703, 1.6077655908110664, 1.5294505098979205, 1.5860148337414726, 1.7087698274322864, 1.4898430436727483, 1.4721613692695685, 1.607271129761012, 1.6828947158687064, 1.6036948493978957, 1.5860148337414726, 1.7236760375796334, 1.6906041881901015, 1.6595138289012066, 1.726419280173653, 1.5317308223611306, 1.4963718831703199, 1.523600032190377]","[1.7919686623980653, 1.6904878542605069, 1.6780238767517703, 1.774353223708467, 1.772523694428026, 1.771351914584568, 1.76682354342856, 1.4898430436727483, 1.4721613692695685, 1.756038080120537, 1.6828947158687064, 1.7431334440330537, 1.5860148337414726, 1.732664064934213, 1.6906041881901015, 1.6595138289012066, 1.726419280173653, 1.7260301322733191, 1.4963718831703199, 1.523600032190377]",1.3393656223893269,8.655239582061768,200,10,5,20
"[1.8012785670874338, 1.7948583276129906, 1.7765052082343664, 1.773720794692872, 1.7599689473352718, 1.7438039652959596, 1.7346134644887639, 1.7206516697890242, 1.7174525962775944, 1.7081477994809389, 1.7061240393247075, 1.7026650350514718, 1.695956305398798, 1.6952304968141796, 1.6937486252625578, 1.6893118216185812, 1.6834637047258985, 1.6809738219171801, 1.680305289679683, 1.6783680546094664]","[1.6088387587151625, 1.5270704493821106, 1.3081350935410039, 1.5559461397749392, 1.664518978978283, 1.5584968825501115, 1.4261843924568163, 1.5809286082630325, 1.580653421547548, 1.577182487497616, 1.5781181976589274, 1.4718218263373655, 1.7438039652959596, 1.6714278413594967, 1.6428222575770313, 1.657806534884916, 1.359342299624594, 1.618604840546009, 1.4681560967978153, 1.5372340295725786]","[1.6088387587151625, 1.7948583276129906, 1.3081350935410039, 1.773720794692872, 1.664518978978283, 1.7438039652959596, 1.4261843924568163, 1.5809286082630325, 1.7174525962775944, 1.577182487497616, 1.5781181976589274, 1.4718218263373655, 1.7438039652959596, 1.6714278413594967, 1.6428222575770313, 1.6893118216185812, 1.359342299624594, 1.618604840546009, 1.4681560967978153, 1.6783680546094664]",1.2534492333437173,8.815722227096558,200,10,5,20
"[1.7292480143954063, 1.6770134526548663, 1.6572228931667958, 1.6530083441331838, 1.651335781636814, 1.6374053632039045, 1.623841667534844, 1.62207655252236, 1.6130792888990972, 1.6113235061724307, 1.6097249348393972, 1.6044518318909091, 1.603200112007613, 1.6030939796449133, 1.6030825116403624, 1.6030244305216803, 1.5942170143396668, 1.5885869927485397, 1.5884549727652253, 1.5871737542700197]","[1.5441662652307055, 1.485144595658566, 1.4030203024453451, 1.5686009757801405, 1.4156648365142086, 1.5037321199442124, 1.4780197192646123, 1.2742836398336137, 1.651335781636814, 1.5127940422839923, 1.6097249348393972, 1.5885869927485397, 1.6030939796449133, 1.3597767470738717, 1.3597767470738717, 1.4281017805981338, 1.5553933686998815, 1.3368510773647617, 1.4780279630263333, 1.533321879152732]","[1.5441662652307055, 1.485144595658566, 1.4030203024453451, 1.6530083441331838, 1.4156648365142086, 1.5037321199442124, 1.623841667534844, 1.2742836398336137, 1.6130792888990972, 1.5127940422839923, 1.6097249348393972, 1.5885869927485397, 1.603200112007613, 1.3597767470738717, 1.6030825116403624, 1.4281017805981338, 1.5553933686998815, 1.3368510773647617, 1.4780279630263333, 1.5871737542700197]",1.0408500821294089,8.688911199569702,200,10,5,20
"[1.7070614291158699, 1.67953827479287, 1.6708971920408777, 1.6582509223713242, 1.6523856379876656, 1.6499846742434796, 1.649356928743112, 1.6445184961938715, 1.6429630394365873, 1.6397142014464463, 1.6355739778258078, 1.6257728388256263, 1.6240078776248899, 1.6160699428865088, 1.6159664257663706, 1.60959148800671, 1.6080962325006358, 1.607158205015773, 1.6007337641653043, 1.6003350933132234]","[1.5336111671924837, 1.3991380555175705, 1.5492163828868468, 1.4896638450009176, 1.4490982200845453, 1.5795263675619147, 1.5550337386217996, 1.5571119921368055, 1.522571761759074, 1.4829191815270981, 1.2725176108589438, 1.431382984892506, 1.5518584617087954, 1.6257728388256263, 1.4864521875226877, 1.5588367361659563, 1.4003188331869396, 1.5131301677493003, 1.5031920908716232, 1.3584285238291431]","[1.5336111671924837, 1.67953827479287, 1.6708971920408777, 1.6582509223713242, 1.6523856379876656, 1.6499846742434796, 1.5550337386217996, 1.5571119921368055, 1.6429630394365873, 1.6397142014464463, 1.6355739778258078, 1.431382984892506, 1.5518584617087954, 1.6160699428865088, 1.6159664257663706, 1.5588367361659563, 1.6080962325006358, 1.607158205015773, 1.5031920908716232, 1.3584285238291431]",1.0858602236748776,8.635720014572144,200,10,5,20
"[1.8884487275094004, 1.8754356798583054, 1.85749229694518, 1.8475569526579823, 1.8404535951371945, 1.836199905307432, 1.8317475482650436, 1.8294533770558798, 1.8254882283514435, 1.8181042534731198, 1.8168454939753074, 1.8147373099414184, 1.8136067072184332, 1.812733577567391, 1.8085521062222194, 1.8056079108840568, 1.8052306738264545, 1.8039580579077832, 1.802794219828778, 1.8007963330434917]","[1.752498433751894, 1.7007808619593623, 1.7262396981179777, 1.7416447195836873, 1.812733577567391, 1.6959975800756255, 1.7162702682871858, 1.7237002695447692, 1.6912437252342838, 1.7687219659168636, 1.7049297993878678, 1.7748682670416298, 1.8056079108840568, 1.8884487275094004, 1.7515677715242548, 1.581820445449855, 1.7812214414826264, 1.6442334731253427, 1.766997521705841, 1.759820264581283]","[1.752498433751894, 1.7007808619593623, 1.7262396981179777, 1.8475569526579823, 1.8404535951371945, 1.6959975800756255, 1.7162702682871858, 1.8294533770558798, 1.8254882283514435, 1.7687219659168636, 1.8168454939753074, 1.7748682670416298, 1.8056079108840568, 1.8884487275094004, 1.8085521062222194, 1.8056079108840568, 1.8052306738264545, 1.6442334731253427, 1.802794219828778, 1.8007963330434917]",1.3576651207744117,8.598327875137329,200,10,5,20
"[1.7544584959329514, 1.7314910375723966, 1.707675373915581, 1.6940948425569309, 1.6852099837270584, 1.6834123335331113, 1.680383811754557, 1.6787554217592169, 1.6775616530007738, 1.6746527956538464, 1.6690709294153245, 1.6629490272910157, 1.6553075550503957, 1.6485366490867204, 1.6477039714609627, 1.6433838795711253, 1.641683007711972, 1.6394745977892786, 1.63458059307452, 1.6327734000305123]","[1.4790725638755955, 1.3085498710211503, 1.606768828312533, 1.4455053385056296, 1.4176564353613788, 1.590157107978973, 1.3266343704492871, 1.3813481008002582, 1.6787554217592169, 1.5239621262883, 1.4875207718185617, 1.378589890832889, 1.4876160623389383, 1.519154349787789, 1.534592539062164, 1.28679204989214, 1.3720951866395308, 1.342610760165056, 1.7314910375723966, 1.445948484029375]","[1.7544584959329514, 1.7314910375723966, 1.707675373915581, 1.6940948425569309, 1.6852099837270584, 1.590157107978973, 1.680383811754557, 1.3813481008002582, 1.6787554217592169, 1.5239621262883, 1.6690709294153245, 1.378589890832889, 1.6553075550503957, 1.519154349787789, 1.534592539062164, 1.28679204989214, 1.641683007711972, 1.6394745977892786, 1.63458059307452, 1.445948484029375]",1.1802595931016853,8.659852743148804,200,10,5,20
"[1.826021458518996, 1.7862938228498388, 1.766264565267424, 1.73880057798969, 1.7257838977129534, 1.724258583353174, 1.723856391981974, 1.715158468641096, 1.6996807366003206, 1.6922795700822415, 1.6888352824325894, 1.6887052223068066, 1.6877783118829657, 1.6851577858112556, 1.6848905499444982, 1.6843645138824643, 1.6843042807613946, 1.674444347143357, 1.673501587670537, 1.6734961163963626]","[1.673501587670537, 1.6245273804896354, 1.5835212692947398, 1.5456565477501008, 1.6239977385553521, 1.444636384287679, 1.545115347544836, 1.6843645138824643, 1.525839356095435, 1.549471466396177, 1.4678925847210826, 1.610895863087576, 1.5345949054694432, 1.5387895567618846, 1.4453961647721858, 1.471266606948601, 1.5835212692947398, 1.444636384287679, 1.5628877019704384, 1.4780549149485878]","[1.673501587670537, 1.7862938228498388, 1.766264565267424, 1.73880057798969, 1.6239977385553521, 1.724258583353174, 1.545115347544836, 1.715158468641096, 1.525839356095435, 1.6922795700822415, 1.6888352824325894, 1.610895863087576, 1.5345949054694432, 1.6851577858112556, 1.6848905499444982, 1.6843645138824643, 1.6843042807613946, 1.674444347143357, 1.5628877019704384, 1.6734961163963626]",1.2610261754835927,8.610353231430054,200,10,5,20
"[1.7467511566208822, 1.7455900966461322, 1.7390385692508834, 1.7168939728006563, 1.7033031960942921, 1.6857343928579072, 1.6788641804119557, 1.6738129384683191, 1.6718908230037473, 1.6707258049522342, 1.6691330669574842, 1.6686825483041428, 1.66729140927481, 1.665728848664383, 1.6615209177810346, 1.6593040357590247, 1.654162449233975, 1.6528684018934052, 1.6527365503313391, 1.6526546922745917]","[1.476555623951918, 1.4708089213418383, 1.5668407416688763, 1.5417361707941044, 1.4351480428778822, 1.7467511566208822, 1.6276772000816417, 1.5028183259238774, 1.5445277200953766, 1.4026644039498726, 1.2019600036318572, 1.4673844701936396, 1.5813778420891726, 1.7467511566208822, 1.6026725765217804, 1.4777906077880447, 1.7467511566208822, 1.6707258049522342, 1.5197984136646754, 1.6691330669574842]","[1.7467511566208822, 1.7455900966461322, 1.5668407416688763, 1.5417361707941044, 1.7033031960942921, 1.6857343928579072, 1.6276772000816417, 1.6738129384683191, 1.6718908230037473, 1.6707258049522342, 1.2019600036318572, 1.6686825483041428, 1.5813778420891726, 1.665728848664383, 1.6615209177810346, 1.4777906077880447, 1.654162449233975, 1.6528684018934052, 1.5197984136646754, 1.6526546922745917]",1.1898661659120158,8.590951681137085,200,10,5,20
"[1.8553862003916262, 1.8130065936543638, 1.79757501354393, 1.796152300491128, 1.7905477109801868, 1.7847064494346474, 1.7809384507441903, 1.7782174608444694, 1.7776162252516843, 1.7727178094748117, 1.772259467360586, 1.7721596997286417, 1.7718405415253966, 1.7715673343022278, 1.7714726672909233, 1.766819391450912, 1.7665279323766332, 1.7637921545337432, 1.7573832042848432, 1.756673097079465]","[1.6606112767114154, 1.5732803207368626, 1.7714726672909233, 1.7714726672909233, 1.739405913427533, 1.6055796667098925, 1.529316127482514, 1.7665279323766332, 1.5735379770874482, 1.658323439433956, 1.7118832734657057, 1.5735379770874482, 1.6950844372143392, 1.6430322145895142, 1.6661945089543646, 1.7782174608444694, 1.6700711338435614, 1.6153579752358929, 1.640446210643213, 1.6480552706071547]","[1.8553862003916262, 1.8130065936543638, 1.7714726672909233, 1.796152300491128, 1.739405913427533, 1.7847064494346474, 1.529316127482514, 1.7665279323766332, 1.7776162252516843, 1.7727178094748117, 1.772259467360586, 1.5735379770874482, 1.6950844372143392, 1.7715673343022278, 1.6661945089543646, 1.766819391450912, 1.6700711338435614, 1.7637921545337432, 1.640446210643213, 1.6480552706071547]",1.3665690990909938,8.597254991531372,200,10,5,20
"[1.8625099290995664, 1.858739253920361, 1.8542506556651202, 1.846304658265825, 1.8446562845467376, 1.8429227051333055, 1.8381931832207916, 1.838060875845532, 1.830116501163088, 1.8297200196903118, 1.8280364982596367, 1.8195672986484106, 1.8158586136409576, 1.8147449037420103, 1.813667864118194, 1.8118565264393816, 1.8055404476679269, 1.8048514800936994, 1.7966147874307588, 1.7955825739789468]","[1.681493219207066, 1.660466145425494, 1.7226627030088961, 1.6710575727202117, 1.8297200196903118, 1.6604858137825176, 1.7521112883148515, 1.718472179844873, 1.5456868783768383, 1.813667864118194, 1.7370045842754904, 1.5077230339643284, 1.5470247079479686, 1.5677389867101277, 1.7370045842754904, 1.8297200196903118, 1.7604062704209602, 1.7226627030088961, 1.660466145425494, 1.660466145425494]","[1.8625099290995664, 1.660466145425494, 1.8542506556651202, 1.846304658265825, 1.8297200196903118, 1.6604858137825176, 1.7521112883148515, 1.718472179844873, 1.5456868783768383, 1.8297200196903118, 1.8280364982596367, 1.5077230339643284, 1.5470247079479686, 1.8147449037420103, 1.813667864118194, 1.8118565264393816, 1.8055404476679269, 1.8048514800936994, 1.7966147874307588, 1.660466145425494]",1.3839494465181983,8.602430582046509,200,10,5,20
"[1.4415683262214567, 1.4346044431583251, 1.4170475845714412, 1.4119082549795239, 1.375191636972722, 1.374303091397472, 1.3510971143708428, 1.3458261783179666, 1.3418236243385964, 1.3413249304790573, 1.3326413541683737, 1.3256056462961319, 1.32547288834023, 1.3215822169137967, 1.3185034558458992, 1.308392450957108, 1.301021420746883, 1.3004999120320981, 1.3004927324252646, 1.300414612635991]","[1.0716511346104038, 1.07332742297261, 1.2293909264658376, 1.293669904845605, 1.1865887442430212, 1.2391658396020944, 1.2150052489773928, 1.4119082549795239, 1.3418236243385964, 1.0497608226748414, 1.2081184024774674, 1.225153348281603, 1.1790498632696231, 1.1965135589725089, 1.2101028275733052, 1.2101028275733052, 0.9863713940717831, 1.0937873365805413, 1.1378044673250687, 1.1469311862343066]","[1.4415683262214567, 1.07332742297261, 1.4170475845714412, 1.293669904845605, 1.1865887442430212, 1.2391658396020944, 1.3510971143708428, 1.3458261783179666, 1.3418236243385964, 1.3413249304790573, 1.2081184024774674, 1.225153348281603, 1.32547288834023, 1.3215822169137967, 1.2101028275733052, 1.308392450957108, 0.9863713940717831, 1.3004999120320981, 1.1378044673250687, 1.1469311862343066]",0.6390262975356461,8.589226484298706,200,10,5,20
"[1.6757022569259081, 1.6576542157896383, 1.6431586750653542, 1.633513617772472, 1.6211841292165792, 1.6078397598997698, 1.5941683039622143, 1.5766110924263104, 1.5761038118929234, 1.568914459627205, 1.5573502285470173, 1.5573101096815085, 1.5555397359581458, 1.5517295459204594, 1.550833419193622, 1.547245434361254, 1.5303432312708816, 1.5282266556265307, 1.5241223061734073, 1.5185865346996457]","[1.2797244988653083, 1.3269383343636565, 1.4845034702473976, 1.4324117325446322, 1.353993284373285, 1.568914459627205, 1.5072624527319611, 1.420690902014939, 1.441291522438119, 1.2158949872462261, 1.24693900057024, 1.5073335865354567, 1.5282266556265307, 1.441291522438119, 1.5058178156422293, 1.5075617068394043, 1.2797244988653083, 1.5941683039622143, 1.6078397598997698, 1.3737843879990623]","[1.2797244988653083, 1.3269383343636565, 1.4845034702473976, 1.633513617772472, 1.353993284373285, 1.568914459627205, 1.5072624527319611, 1.420690902014939, 1.5761038118929234, 1.568914459627205, 1.24693900057024, 1.5573101096815085, 1.5555397359581458, 1.5517295459204594, 1.550833419193622, 1.5075617068394043, 1.5303432312708816, 1.5282266556265307, 1.6078397598997698, 1.5185865346996457]",0.7690718923597235,8.571975946426392,200,10,5,20
"[1.6814094839333962, 1.6576410745806782, 1.6371498048699589, 1.6295220421598153, 1.6258685151572614, 1.6195163507499113, 1.6176906867412633, 1.6176772291459693, 1.6146056198297443, 1.6135084034880909, 1.6127840864689418, 1.6108018342214032, 1.609354872870747, 1.6081497889330096, 1.6062196617029783, 1.6022624617606789, 1.5963305123645088, 1.5943720260965284, 1.592643763512277, 1.590962795661127]","[1.5419733126101056, 1.3677011875112863, 1.529339210408986, 1.4278094002677864, 1.563033432687873, 1.5456899058349376, 1.4177193892116071, 1.4867431796774735, 1.3824253639634567, 1.4802622525009765, 1.4380310543159094, 1.4177193892116071, 1.3914175748032578, 1.4264855688915954, 1.380355803906752, 1.4931304847767253, 1.557263588270568, 1.5399748319616489, 1.6814094839333962, 1.52893249206726]","[1.6814094839333962, 1.6576410745806782, 1.529339210408986, 1.4278094002677864, 1.6258685151572614, 1.5456899058349376, 1.6176906867412633, 1.6176772291459693, 1.3824253639634567, 1.4802622525009765, 1.4380310543159094, 1.4177193892116071, 1.609354872870747, 1.4264855688915954, 1.6062196617029783, 1.6022624617606789, 1.5963305123645088, 1.5943720260965284, 1.6814094839333962, 1.590962795661127]",1.2072876265170407,8.581757307052612,200,10,5,20
"[1.777935035913654, 1.7635513437831074, 1.7623128204471938, 1.7533555442653574, 1.7347478696117697, 1.733474495982037, 1.7327364442303628, 1.7319599555332783, 1.7315905535603007, 1.731194600571569, 1.728883930555937, 1.7213920411532821, 1.7185500737261385, 1.7140738471104522, 1.7072403951596185, 1.7064453377974873, 1.7027471884102057, 1.6971920885741671, 1.6918236709715118, 1.6911629748215853]","[1.6096149207395591, 1.6809668886548494, 1.588356154893252, 1.3740374537742406, 1.5879461366087044, 1.648036007148148, 1.6096149207395591, 1.4780106375029112, 1.4304397294478741, 1.5593362497573964, 1.565001642120126, 1.544578324462011, 1.6346972081044862, 1.638639871733584, 1.5402282431702752, 1.4781579668065967, 1.6674286132739269, 1.5804502599999932, 1.440145971491832, 1.5155855700402878]","[1.777935035913654, 1.6809668886548494, 1.7623128204471938, 1.3740374537742406, 1.5879461366087044, 1.733474495982037, 1.6096149207395591, 1.7319599555332783, 1.4304397294478741, 1.5593362497573964, 1.728883930555937, 1.7213920411532821, 1.6346972081044862, 1.638639871733584, 1.7072403951596185, 1.4781579668065967, 1.6674286132739269, 1.5804502599999932, 1.6918236709715118, 1.5155855700402878]",1.2795621783913105,8.575923681259155,200,10,5,20
"[1.6867566838841201, 1.6498186931569565, 1.6438601512603517, 1.6365728886978435, 1.6345659927302583, 1.6342027727866746, 1.633892294061325, 1.6312671131172678, 1.626528611660957, 1.6260257503113433, 1.6258830111027207, 1.6251946283959846, 1.615529729800663, 1.6112052938432688, 1.6087662376111465, 1.606092093314539, 1.606039181298247, 1.6000758533154853, 1.5995028262517095, 1.5929496164914116]","[1.4399636882480917, 1.575241267835154, 1.6087662376111465, 1.4188977579358635, 1.497188829396892, 1.4559738726475284, 1.5721787265146934, 1.500300511956732, 1.6112052938432688, 1.452225177119001, 1.5621307851671182, 1.4645903138202754, 1.5555860999686457, 1.497188829396892, 1.5140608483691886, 1.626528611660957, 1.3134031418011958, 1.4323454873861141, 1.5995028262517095, 1.4261775557144538]","[1.4399636882480917, 1.6498186931569565, 1.6087662376111465, 1.4188977579358635, 1.6345659927302583, 1.4559738726475284, 1.633892294061325, 1.500300511956732, 1.6112052938432688, 1.6260257503113433, 1.6258830111027207, 1.6251946283959846, 1.615529729800663, 1.497188829396892, 1.6087662376111465, 1.606092093314539, 1.3134031418011958, 1.6000758533154853, 1.5995028262517095, 1.4261775557144538]",1.161860327631654,8.563334703445435,200,10,5,20
"[1.6963093315495126, 1.6802925436282903, 1.674759022319851, 1.6623894166658189, 1.644210467227021, 1.6232029639755234, 1.62198324117566, 1.6214346574059986, 1.6213448582077825, 1.6213230360686843, 1.6213055311640026, 1.617779454708314, 1.6148912222978375, 1.6116091800544459, 1.6090806952569996, 1.605755633061575, 1.6006775610815647, 1.5969896099283123, 1.5965312486568846, 1.596350436588104]","[1.511530885002029, 1.4534756920166514, 1.4963551576411, 1.446507756633383, 1.5422298753731878, 1.4996567117988018, 1.5422298753731878, 1.3463522476365304, 1.4537920352723, 1.6213230360686843, 1.3937557147040618, 1.4794425094515518, 1.1016599101624673, 1.6232029639755234, 1.5587253395616416, 1.521351047821225, 1.3675322862441208, 1.4298233799946862, 1.3183807339235134, 1.342285268290996]","[1.511530885002029, 1.4534756920166514, 1.4963551576411, 1.6623894166658189, 1.644210467227021, 1.4996567117988018, 1.62198324117566, 1.3463522476365304, 1.4537920352723, 1.6213230360686843, 1.3937557147040618, 1.617779454708314, 1.1016599101624673, 1.6232029639755234, 1.5587253395616416, 1.521351047821225, 1.6006775610815647, 1.5969896099283123, 1.5965312486568846, 1.596350436588104]",1.0315162179107953,8.943321228027344,200,10,5,20
"[1.5499999999998562, 1.5254184199877217, 1.4813660811266938, 1.469139185269194, 1.4499999999999988, 1.4316572630209077, 1.4296924400806292, 1.4249999999996208, 1.4249999999995588, 1.4221695441658564, 1.4212937804344035, 1.4201379620422132, 1.419636874855722, 1.4180740691677711, 1.4179280457296706, 1.4177352640443768, 1.412024306073023, 1.4033897741813313, 1.4, 1.3999999999999138]","[1.3681459830493359, 1.1630370407227613, 1.225738589581953, 1.4201379620422132, 1.261684926740956, 1.3884348005479228, 1.2636400431331842, 1.3884348005479228, 1.1346615261738857, 1.1746136900070392, 1.3690872077797764, 1.2999999999998855, 1.197051184133705, 1.3575704164667424, 1.2456300397489302, 1.1059328071331054, 1.231476669306558, 1.2636400431331842, 1.3839354670800197, 1.264531682871252]","[1.3681459830493359, 1.1630370407227613, 1.225738589581953, 1.4201379620422132, 1.261684926740956, 1.3884348005479228, 1.2636400431331842, 1.4249999999996208, 1.4249999999995588, 1.4221695441658564, 1.3690872077797764, 1.4201379620422132, 1.197051184133705, 1.4180740691677711, 1.2456300397489302, 1.4177352640443768, 1.231476669306558, 1.4033897741813313, 1.3839354670800197, 1.3999999999999138]",0.8042485265146183,9.195502519607544,200,10,5,20
"[1.7747520251881315, 1.7739042872988064, 1.7419904152103274, 1.73820280049778, 1.7259092577817894, 1.7223402675955681, 1.7212648220834765, 1.7147757132194217, 1.7092057176893238, 1.7082252454480182, 1.7067198950815954, 1.7035244432923755, 1.7024700121537661, 1.7018493715736647, 1.6998680029165494, 1.699329890045567, 1.697251952299862, 1.684824245732955, 1.6789596818229962, 1.6775391073787043]","[1.554187990634266, 1.5767962405648057, 1.5619948728504403, 1.5828590156830606, 1.564326679395318, 1.7212648220834765, 1.4261631008053395, 1.655050093888339, 1.6003358954901528, 1.4904430004234124, 1.5646622144327331, 1.5364419529328242, 1.5200728252477504, 1.5746298696204162, 1.5646622144327331, 1.5079984708116336, 1.6044096620557056, 1.7024700121537661, 1.6517133126982535, 1.383339619698604]","[1.7747520251881315, 1.5767962405648057, 1.7419904152103274, 1.73820280049778, 1.564326679395318, 1.7223402675955681, 1.4261631008053395, 1.655050093888339, 1.7092057176893238, 1.7082252454480182, 1.5646622144327331, 1.5364419529328242, 1.5200728252477504, 1.7018493715736647, 1.6998680029165494, 1.5079984708116336, 1.697251952299862, 1.684824245732955, 1.6789596818229962, 1.383339619698604]",1.2550256827936834,8.833403825759888,200,10,5,20
"[1.8284660840838394, 1.8040937206922545, 1.8002530511422679, 1.7983923563213877, 1.7894012695827173, 1.7873918509636084, 1.780482670776505, 1.7801398260914, 1.765166166901263, 1.7649609280189074, 1.7623192521885476, 1.7618259599527133, 1.7613001645573254, 1.7600333652715714, 1.754446151537457, 1.7540112856585939, 1.752345366829978, 1.7505850438532844, 1.7503638407237112, 1.7496252177715945]","[1.7196449482179572, 1.3220995919310135, 1.6110257473032887, 1.6404069156727652, 1.6137723205966823, 1.7162748395822758, 1.671512977319373, 1.6717306870866244, 1.7196449482179572, 1.6110257473032887, 1.6516043927606077, 1.7873918509636084, 1.5873867250366411, 1.589516582455316, 1.520867949250813, 1.5438837150901084, 1.520867949250813, 1.520867949250813, 1.5846222294924213, 1.6997722202402157]","[1.8284660840838394, 1.3220995919310135, 1.6110257473032887, 1.7983923563213877, 1.7894012695827173, 1.7162748395822758, 1.671512977319373, 1.7801398260914, 1.7196449482179572, 1.7649609280189074, 1.6516043927606077, 1.7873918509636084, 1.5873867250366411, 1.589516582455316, 1.520867949250813, 1.7540112856585939, 1.752345366829978, 1.7505850438532844, 1.7503638407237112, 1.6997722202402157]",1.295470158245812,8.676356077194214,200,10,5,20
"[2.9710381902056966, 2.893654539136712, 2.8854281245076754, 2.8747998406661597, 2.865863459416616, 2.8281294835803354, 2.8166888409593143, 2.814885318153211, 2.803607116513758, 2.7896545833280375, 2.774878310663285, 2.7620693009054986, 2.7620462843720452, 2.756745949094227, 2.7494441597831694, 2.748817507585219, 2.7466705403870293, 2.7435489350596582, 2.74133901771668, 2.739952402801003]","[2.2070760331163704, 2.229886600242726, 2.5798653504421565, 2.4061477854102953, 2.5712659790877965, 2.524371679366464, 2.419856292688675, 2.515778960641719, 2.4534339486307086, 2.5712659790877965, 2.426546253261486, 2.5248565259489557, 2.5791600462387927, 2.7620693009054986, 2.774878310663285, 2.623524525707053, 2.385760504554374, 2.756745949094227, 2.8854281245076754, 2.572804196258355]","[2.9710381902056966, 2.229886600242726, 2.8854281245076754, 2.4061477854102953, 2.5712659790877965, 2.524371679366464, 2.419856292688675, 2.814885318153211, 2.4534339486307086, 2.7896545833280375, 2.426546253261486, 2.7620693009054986, 2.5791600462387927, 2.756745949094227, 2.774878310663285, 2.623524525707053, 2.7466705403870293, 2.756745949094227, 2.74133901771668, 2.739952402801003]",1.9254853897389208,13.287309885025024,200,10,10,20
"[3.04835382565324, 3.0109727689172012, 2.9587306700048708, 2.910665814223864, 2.9050080869138704, 2.8938641357245545, 2.8933351067534288, 2.8903026866361707, 2.8825202489287696, 2.8742937366132493, 2.873710465638237, 2.8656627601312272, 2.8584772195642505, 2.853781321584784, 2.842446880246319, 2.8398658358608158, 2.837326475259747, 2.830225241934225, 2.82678092617621, 2.8202676371879924]","[2.7453893136772733, 2.313756202361055, 2.54786630260935, 2.6539403291298767, 2.702951585378479, 2.5376571184114636, 2.7346691867999104, 2.3359543847460795, 2.6622269830412066, 2.497855997852764, 2.435073327832528, 2.7229177509730698, 2.5926040651162423, 2.667073899240135, 2.6349542689313314, 2.817991587124364, 2.494578240500355, 2.43938590913801, 2.784648597957249, 2.6365599583780277]","[2.7453893136772733, 2.313756202361055, 2.9587306700048708, 2.6539403291298767, 2.9050080869138704, 2.8938641357245545, 2.7346691867999104, 2.3359543847460795, 2.8825202489287696, 2.8742937366132493, 2.873710465638237, 2.8656627601312272, 2.8584772195642505, 2.853781321584784, 2.842446880246319, 2.8398658358608158, 2.494578240500355, 2.830225241934225, 2.82678092617621, 2.6365599583780277]",2.17947017352127,13.269002437591553,200,10,10,20
"[3.1947248763839413, 3.1295446796195465, 3.1182988235720375, 3.1066727112034203, 3.097915228769933, 3.0761039266942585, 3.0681053094457087, 3.0680213315619835, 3.0655301633724847, 3.056437998675164, 3.050819325955218, 3.0412448651078248, 3.0398255709008035, 3.0321894891254395, 3.0301155318032365, 3.0249633415134847, 3.0201726644705977, 3.0161296669733018, 3.007210397610141, 3.003281303592216]","[2.7757012322507997, 2.8847149774350362, 2.96720667321347, 2.798622088884509, 3.0249633415134847, 2.941514611057102, 2.747157313687995, 2.902820571121075, 2.7288937487489324, 2.9443706401642076, 2.919783111174169, 2.856852543855975, 2.799805130630111, 3.1182988235720375, 2.82645153449495, 2.7365523156629608, 3.0398255709008035, 2.8745414435944956, 2.709206815357944, 2.9574541461668584]","[3.1947248763839413, 2.8847149774350362, 3.1182988235720375, 3.1066727112034203, 3.097915228769933, 2.941514611057102, 3.0681053094457087, 2.902820571121075, 2.7288937487489324, 3.056437998675164, 2.919783111174169, 2.856852543855975, 3.0398255709008035, 3.1182988235720375, 3.0301155318032365, 3.0249633415134847, 3.0398255709008035, 2.8745414435944956, 3.007210397610141, 3.003281303592216]",2.4930109241870104,13.302080631256104,200,10,10,20
"[2.9701195114519696, 2.9657585091637437, 2.964211034692781, 2.9492350227667132, 2.934532383712585, 2.922733900502555, 2.914973273514544, 2.908594900493736, 2.89900904365238, 2.896540995736743, 2.895087398841427, 2.890985174410352, 2.888046738893481, 2.883355679576869, 2.8777827080298257, 2.876568705889162, 2.871780774889072, 2.87102253412487, 2.8645171723331444, 2.84742243901166]","[2.736222942897469, 2.580755123623252, 2.5871949887465995, 2.6353078478664886, 2.7034068394555617, 2.806785414724146, 2.7324555886374764, 2.597884142910524, 2.65608981733998, 2.7890390746611007, 2.570013795697056, 2.760600650843244, 2.7578534917189415, 2.628042208970107, 2.806785414724146, 2.500320950169204, 2.5246378049319005, 2.685890764922191, 2.785345527241071, 2.7430508947164163]","[2.9701195114519696, 2.9657585091637437, 2.964211034692781, 2.6353078478664886, 2.934532383712585, 2.922733900502555, 2.7324555886374764, 2.597884142910524, 2.89900904365238, 2.7890390746611007, 2.895087398841427, 2.890985174410352, 2.888046738893481, 2.883355679576869, 2.8777827080298257, 2.500320950169204, 2.5246378049319005, 2.685890764922191, 2.785345527241071, 2.7430508947164163]",2.281768580070176,13.20947766304016,200,10,10,20
"[2.5904715216504797, 2.5495125369750657, 2.5403914141534187, 2.535932953883326, 2.509176914398833, 2.498252100552135, 2.4929849252928697, 2.488465319694981, 2.467836188819116, 2.4654244071165032, 2.451971674457797, 2.450936451837548, 2.4469957886574045, 2.439763821119827, 2.436820820248708, 2.4353421503206727, 2.428381059639492, 2.4248291148552834, 2.4174093560841596, 2.414078273321433]","[2.1361388587979087, 2.509176914398833, 2.2609955224822995, 2.2193743675320623, 2.2817352239312934, 2.1808746686128764, 2.2625114522524883, 2.2283021302453014, 1.9773811309501585, 2.3566652953941407, 2.3566652953941407, 2.2089792122491745, 2.1420133675859283, 2.451971674457797, 2.3807069043956552, 2.1646196644964686, 2.2236008447352966, 2.2762839179915066, 2.1790000968424965, 2.2603149866334733]","[2.5904715216504797, 2.509176914398833, 2.5403914141534187, 2.2193743675320623, 2.2817352239312934, 2.1808746686128764, 2.2625114522524883, 2.488465319694981, 2.467836188819116, 2.3566652953941407, 2.3566652953941407, 2.2089792122491745, 2.1420133675859283, 2.451971674457797, 2.3807069043956552, 2.1646196644964686, 2.428381059639492, 2.4248291148552834, 2.1790000968424965, 2.2603149866334733]",1.4829214157700812,13.175960063934326,200,10,10,20
"[3.196108986964834, 3.086835055574638, 3.0821272747166537, 3.0770068266870263, 3.0218117354027467, 3.0025505913956776, 2.9842486476916044, 2.982311494229651, 2.9819686196540207, 2.978942622026367, 2.9772885519124164, 2.9739075321689437, 2.9675855935201323, 2.963756945450317, 2.955113915640893, 2.953450019210811, 2.9530409148226817, 2.9509896256703168, 2.9414145707225376, 2.934180546654296]","[2.7857734101762803, 2.6281566462805155, 2.8346029247921796, 2.5572979411200794, 2.564926828609374, 2.5614655159549296, 2.679896150260489, 2.526153564911864, 2.7880995711758656, 2.953450019210811, 2.808336081411433, 2.6998896743300422, 2.746103755716017, 2.8346029247921796, 2.6632707743955413, 2.8444552148423154, 2.7785196195812594, 2.617972550905956, 2.635520235386106, 2.7233786417207484]","[2.7857734101762803, 2.6281566462805155, 2.8346029247921796, 2.5572979411200794, 2.564926828609374, 3.0025505913956776, 2.679896150260489, 2.526153564911864, 2.7880995711758656, 2.978942622026367, 2.9772885519124164, 2.6998896743300422, 2.746103755716017, 2.8346029247921796, 2.955113915640893, 2.8444552148423154, 2.9530409148226817, 2.617972550905956, 2.9414145707225376, 2.934180546654296]",2.4604675764865527,13.58135175704956,200,10,10,20
"[2.880425884484332, 2.7717350725239687, 2.7476033684340098, 2.7191184136742512, 2.7025361365312515, 2.6944974261261296, 2.690733983984072, 2.680589858469734, 2.663892167959019, 2.6581509111336317, 2.6556509180308434, 2.651711070741557, 2.64554328331752, 2.62876768662912, 2.622762002585895, 2.621326933379496, 2.615636176330511, 2.6049177971974578, 2.603412618163791, 2.5948057443925614]","[2.3145662102338553, 2.62876768662912, 1.9904767357053508, 2.2523154321973005, 2.4612706737898615, 2.7717350725239687, 2.5734253703457, 2.3254393207466015, 2.310679690542426, 2.5740434404013803, 2.4378049160505895, 2.009436816646051, 2.4491559969657173, 2.395495351537843, 2.545049292821893, 2.4612706737898615, 2.1593066294430923, 2.396338388714553, 2.5740434404013803, 2.453427973561684]","[2.3145662102338553, 2.62876768662912, 1.9904767357053508, 2.7191184136742512, 2.7025361365312515, 2.6944974261261296, 2.690733983984072, 2.3254393207466015, 2.310679690542426, 2.6581509111336317, 2.6556509180308434, 2.651711070741557, 2.64554328331752, 2.62876768662912, 2.545049292821893, 2.621326933379496, 2.1593066294430923, 2.6049177971974578, 2.5740434404013803, 2.5948057443925614]",1.7235365216674905,13.173264026641846,200,10,10,20
"[2.7368065869978526, 2.7362348033167425, 2.7359243036779857, 2.7160491438980277, 2.708362986171503, 2.688527255154996, 2.6881269296200094, 2.668918687009297, 2.651783097474586, 2.6332560413181323, 2.6309240034300525, 2.622473950689609, 2.6155037952847997, 2.610571275603053, 2.6105441798352325, 2.6082640657763965, 2.5961671071110057, 2.5826130331800696, 2.5815727624415516, 2.566660432279784]","[2.5099786391626626, 2.38394671015041, 2.1649833623368386, 2.3393909618553907, 2.5561774975551717, 2.5460842731754334, 2.42040264458441, 2.3566233483760053, 2.240542939004031, 2.49996833901565, 2.3503601143996438, 2.5523540978468575, 2.4606352972987406, 2.5826130331800696, 2.38394671015041, 2.1257136615697694, 2.240542939004031, 2.2472704605359173, 2.1412386568203425, 2.4646419220377327]","[2.7368065869978526, 2.7362348033167425, 2.7359243036779857, 2.7160491438980277, 2.5561774975551717, 2.688527255154996, 2.42040264458441, 2.3566233483760053, 2.651783097474586, 2.49996833901565, 2.3503601143996438, 2.622473950689609, 2.6155037952847997, 2.610571275603053, 2.38394671015041, 2.6082640657763965, 2.240542939004031, 2.2472704605359173, 2.5815727624415516, 2.4646419220377327]",1.6950879307463795,13.218940019607544,200,10,10,20
"[2.9544423428845845, 2.913773268216573, 2.810308306278407, 2.8021899304360227, 2.78516905407335, 2.7544872375775626, 2.7524524264147425, 2.7405893276581375, 2.7291512068800685, 2.7136431040993725, 2.7032582199067576, 2.690335205992981, 2.682989387491472, 2.6754044888727964, 2.674279014627516, 2.6738576170676005, 2.665323453976024, 2.657705385682914, 2.6545064974913806, 2.627889099274259]","[2.195112385972721, 2.3294885769356704, 2.426320204734986, 2.4549054899383522, 2.78516905407335, 2.1630929034266857, 2.400254885748279, 2.618191941123265, 1.995421734105631, 2.5960430304268374, 2.4886248369432855, 2.3869284490762155, 2.5960430304268374, 2.173445602961445, 2.353781989410236, 2.682989387491472, 2.41143209935932, 2.4381152367412486, 2.60807515012119, 2.055877689598788]","[2.9544423428845845, 2.913773268216573, 2.426320204734986, 2.8021899304360227, 2.78516905407335, 2.7544872375775626, 2.7524524264147425, 2.7405893276581375, 1.995421734105631, 2.7136431040993725, 2.4886248369432855, 2.690335205992981, 2.5960430304268374, 2.173445602961445, 2.353781989410236, 2.6738576170676005, 2.665323453976024, 2.657705385682914, 2.60807515012119, 2.627889099274259]",1.7890789961116034,13.18960165977478,200,10,10,20
"[2.67569540951244, 2.619109132746045, 2.603533389609385, 2.5697149827211, 2.5685859216365694, 2.5393237992835087, 2.529356994749175, 2.5036771375266857, 2.5015308666529266, 2.4904554546637057, 2.488681300993378, 2.487336691752469, 2.481878128915452, 2.4806587252557706, 2.4795154234282877, 2.4729538579182737, 2.4639053548484786, 2.4589230763455086, 2.4537048158363435, 2.444911427559122]","[2.5393237992835087, 2.3878652654606016, 2.2393138795976903, 2.253023718093315, 2.371313391021287, 2.290872532097884, 2.3317732725254285, 2.228288017822798, 2.0957819703056377, 2.251586132660929, 2.1143281411418977, 2.17903988068244, 2.4239759567454806, 2.3950877764999468, 2.2659313730110107, 2.0729084329858907, 2.3578763193734082, 2.253023718093315, 2.5685859216365694, 1.8329139751614887]","[2.5393237992835087, 2.3878652654606016, 2.2393138795976903, 2.5697149827211, 2.371313391021287, 2.5393237992835087, 2.3317732725254285, 2.228288017822798, 2.0957819703056377, 2.251586132660929, 2.1143281411418977, 2.487336691752469, 2.481878128915452, 2.4806587252557706, 2.4795154234282877, 2.4729538579182737, 2.4639053548484786, 2.253023718093315, 2.4537048158363435, 2.444911427559122]",1.6496451984911789,13.207455396652222,200,10,10,20
"[3.1248299417077834, 3.100057153640388, 3.0967775376752407, 3.0613148505296084, 3.0455164494177804, 3.0256312539605297, 3.025496175979578, 3.023226031925615, 3.0218789827097217, 3.002473788408002, 2.994000217154947, 2.990361330098127, 2.9900033045963283, 2.9647619241208365, 2.9615016940899044, 2.959343829696081, 2.952637402933493, 2.9511778711904206, 2.944183213650816, 2.9207536786606885]","[2.8320052183508144, 2.818543810855847, 2.8385005546877298, 3.0613148505296084, 2.781487068933149, 2.856532938204178, 2.7487561861532663, 2.848095833086655, 2.894756676033067, 2.8684313552535, 3.0256312539605297, 2.7811566969884147, 2.678542920534001, 2.675826381711219, 2.887275520365447, 2.672060914738094, 2.7760365427049742, 2.818543810855847, 2.8332583328457477, 2.7314390680530254]","[3.1248299417077834, 3.100057153640388, 2.8385005546877298, 3.0613148505296084, 3.0455164494177804, 3.0256312539605297, 3.025496175979578, 2.848095833086655, 3.0218789827097217, 3.002473788408002, 2.994000217154947, 2.990361330098127, 2.9900033045963283, 2.9647619241208365, 2.887275520365447, 2.672060914738094, 2.952637402933493, 2.818543810855847, 2.8332583328457477, 2.7314390680530254]",2.355023047927282,13.176584482192991,200,10,10,20
"[3.137537820130377, 3.1290310457094783, 3.032957173235448, 3.0148223332261357, 3.00334135505297, 3.001567164904348, 2.9909811213857997, 2.9908864451470887, 2.9749492385935796, 2.965101168328322, 2.960080551842312, 2.9590286442668927, 2.95765431080852, 2.9528996225672466, 2.949830659002723, 2.9463437128575114, 2.94529845694142, 2.944885762626256, 2.930105458774912, 2.920714199065501]","[2.3401359122574106, 2.694901642452059, 2.960080551842312, 2.6851623965568265, 2.552024378100356, 2.69346016108341, 2.4909199188950226, 2.94529845694142, 2.7424113313763443, 2.7451884723292403, 2.638642623234072, 2.7763053059161162, 2.94529845694142, 2.7157004032628427, 2.8206528781524787, 2.6580664554360314, 3.1290310457094783, 2.7671770553377923, 2.638642623234072, 2.4479230783425394]","[2.3401359122574106, 2.694901642452059, 2.960080551842312, 2.6851623965568265, 3.00334135505297, 3.001567164904348, 2.4909199188950226, 2.94529845694142, 2.7424113313763443, 2.965101168328322, 2.960080551842312, 2.9590286442668927, 2.94529845694142, 2.9528996225672466, 2.949830659002723, 2.9463437128575114, 2.94529845694142, 2.7671770553377923, 2.930105458774912, 2.4479230783425394]",2.261209235793176,13.181388139724731,200,10,10,20
"[3.1491910499585143, 3.1264822264485654, 3.0900938964549236, 3.0698500112692177, 3.06129106820269, 3.049177918994177, 3.023345826372676, 3.022226108754399, 3.013169090697941, 3.0060851748156256, 3.0047504602388706, 3.004298824265361, 2.991956078684584, 2.985450186099402, 2.982114021166493, 2.980822293422688, 2.9772217698876005, 2.974612780650075, 2.959601749703405, 2.9514907263862926]","[2.522891419474834, 2.672775138804982, 2.818897871661127, 2.7464772821277297, 2.5140032012244724, 2.776721094802175, 2.1119479406595643, 2.553906854405393, 2.562450613720488, 2.9486043167672675, 2.658411168164239, 2.7571976239456792, 2.588370635933369, 2.7238114334877173, 3.0900938964549236, 2.8429744376331887, 2.6716559152921695, 2.6615696018654975, 2.7256038552427486, 2.8338819054740263]","[2.522891419474834, 2.672775138804982, 2.818897871661127, 3.0698500112692177, 3.06129106820269, 3.049177918994177, 2.1119479406595643, 2.553906854405393, 3.013169090697941, 3.0060851748156256, 3.0047504602388706, 2.7571976239456792, 2.588370635933369, 2.7238114334877173, 3.0900938964549236, 2.980822293422688, 2.9772217698876005, 2.974612780650075, 2.959601749703405, 2.8338819054740263]",2.1119479406595643,13.279634237289429,200,10,10,20
"[2.9172601825431896, 2.8889733381305773, 2.855637966030353, 2.8495342727456707, 2.8121754125194283, 2.8023982862983368, 2.7956796911693385, 2.790394315492146, 2.7868896323759755, 2.7833224559133014, 2.7811132599161335, 2.7681424476044474, 2.763268258942303, 2.762330645866293, 2.76217621504969, 2.754848776827426, 2.7491762497472165, 2.7480808755232884, 2.7409665976552335, 2.7357141528871374]","[2.66053927536038, 2.570171538009832, 2.315536695071871, 2.5811531831040946, 2.3218559667418623, 2.762330645866293, 2.7409665976552335, 2.6058691016355926, 2.4385147917841032, 2.3106274990429263, 2.371473973698352, 2.536787554811223, 2.257933074654023, 2.7811132599161335, 2.3380906158441945, 2.5217668844453884, 2.4745796235700674, 2.3106274990429263, 1.9763590972243426, 2.8889733381305773]","[2.66053927536038, 2.8889733381305773, 2.855637966030353, 2.8495342727456707, 2.3218559667418623, 2.762330645866293, 2.7409665976552335, 2.6058691016355926, 2.7868896323759755, 2.7833224559133014, 2.7811132599161335, 2.536787554811223, 2.257933074654023, 2.7811132599161335, 2.3380906158441945, 2.5217668844453884, 2.7491762497472165, 2.3106274990429263, 1.9763590972243426, 2.7357141528871374]",1.8701018117142951,13.17194128036499,200,10,10,20
"[3.0273047390817696, 2.896475128505078, 2.8924752232775535, 2.8868081891715067, 2.8704922807842546, 2.8579079370061375, 2.851889194932843, 2.8290010046235055, 2.8274981048754486, 2.8118695247804295, 2.810811657908643, 2.8096076276395436, 2.80142993877045, 2.7969125181833867, 2.786859631314968, 2.7656274657708724, 2.762994895689579, 2.761892158449518, 2.7386562327320854, 2.7360513633047434]","[2.37776861321275, 2.6024660369264225, 2.8924752232775535, 2.5431574604645086, 2.6607999616864406, 2.3249010240524552, 2.8290010046235055, 2.63960942578045, 2.591009447748395, 2.4878672163094726, 2.502945440379312, 2.5163450811918824, 2.8274981048754486, 2.3944125127577465, 2.586280609121109, 2.8290010046235055, 2.420437755192706, 2.5413296911474887, 2.586280609121109, 2.5313270849669207]","[2.37776861321275, 2.6024660369264225, 2.8924752232775535, 2.5431574604645086, 2.8704922807842546, 2.8579079370061375, 2.8290010046235055, 2.63960942578045, 2.591009447748395, 2.4878672163094726, 2.502945440379312, 2.8096076276395436, 2.8274981048754486, 2.7969125181833867, 2.586280609121109, 2.7656274657708724, 2.762994895689579, 2.761892158449518, 2.7386562327320854, 2.5313270849669207]",2.0820428370495083,13.176687717437744,200,10,10,20
"[3.260072649559962, 3.2068767465062438, 3.184617396729457, 3.141267611666895, 3.1246359007014077, 3.112328682721073, 3.111425186448353, 3.105368511063189, 3.0995087651219104, 3.0974368371331327, 3.0960461001707316, 3.0951574390321257, 3.0863909992952436, 3.0769905431727493, 3.0757117689864177, 3.0676324798390375, 3.059555708268582, 3.0478864416461606, 3.042407222992305, 3.040578357254878]","[2.7346923419220937, 2.6757893868958282, 2.83919895770413, 3.0960461001707316, 2.796382579106294, 3.0053263994471053, 3.1246359007014077, 2.6563546054886373, 3.0379292992115463, 3.112328682721073, 2.7337724207363707, 2.7559562204571866, 3.0042332886345506, 3.012944774412632, 2.9365922169350465, 2.8662936529634915, 2.872495074194209, 3.0769905431727493, 2.796382579106294, 3.0186122962387123]","[3.260072649559962, 3.2068767465062438, 3.184617396729457, 3.0960461001707316, 2.796382579106294, 3.0053263994471053, 3.1246359007014077, 3.105368511063189, 3.0379292992115463, 3.0974368371331327, 3.0960461001707316, 3.0951574390321257, 3.0863909992952436, 3.012944774412632, 2.9365922169350465, 3.0676324798390375, 3.059555708268582, 3.0769905431727493, 3.042407222992305, 3.0186122962387123]",2.50927971101525,13.1766095161438,200,10,10,20
"[3.099246069643178, 3.0461009907433976, 3.0330536847460534, 3.026889376608346, 3.0177432938772206, 3.0171636927866112, 3.000436469037114, 2.995915138871148, 2.986801009025906, 2.9805217826893493, 2.9794222235091827, 2.978879199140612, 2.9592373087798975, 2.9573542197856484, 2.949051908267285, 2.9321682714399224, 2.9305387974239236, 2.926124830021453, 2.9255696671925153, 2.924739904789176]","[2.551355450636936, 2.726463360333937, 2.7641823214208574, 2.8327802823699018, 2.5505880913157197, 2.765320088376155, 2.986801009025906, 2.481595301189746, 2.666587155538885, 2.7943728024113206, 3.000436469037114, 2.8376947446242853, 2.715850441595688, 2.986801009025906, 2.885557687818012, 2.4753839337713464, 2.8082310769472327, 2.67847612930865, 2.9006085199618514, 2.8327802823699018]","[2.551355450636936, 3.0461009907433976, 3.0330536847460534, 3.026889376608346, 2.5505880913157197, 2.765320088376155, 3.000436469037114, 2.481595301189746, 2.666587155538885, 2.9805217826893493, 2.9794222235091827, 2.978879199140612, 2.9592373087798975, 2.986801009025906, 2.885557687818012, 2.9321682714399224, 2.8082310769472327, 2.67847612930865, 2.9255696671925153, 2.8327802823699018]",2.351277478726311,13.195626258850098,200,10,10,20
"[2.9132849647416927, 2.816801995200357, 2.7978777665175087, 2.7445698626905797, 2.731352184685545, 2.729642447929614, 2.7065440220879555, 2.6966404937121586, 2.6853226207019194, 2.682153099656352, 2.680111862317755, 2.6514208558533108, 2.6508371229200334, 2.64534906772363, 2.629575449937558, 2.6295053449616153, 2.6286311927533585, 2.6199025144135124, 2.6175063473801234, 2.6114715115912794]","[2.2242526445558304, 2.240196601644775, 2.2666243338115564, 2.0896898842164204, 2.255180687444299, 2.033738098333859, 2.5402298844891074, 2.4513669627970676, 1.9860934760929818, 2.3964813884411535, 2.542505350219715, 1.9309810863358106, 2.347830996197501, 2.3444124110873816, 2.317436723076766, 2.6114715115912794, 2.268348253804767, 2.033738098333859, 2.680111862317755, 2.255180687444299]","[2.2242526445558304, 2.240196601644775, 2.7978777665175087, 2.0896898842164204, 2.731352184685545, 2.729642447929614, 2.5402298844891074, 2.4513669627970676, 1.9860934760929818, 2.3964813884411535, 2.680111862317755, 2.6514208558533108, 2.6508371229200334, 2.3444124110873816, 2.629575449937558, 2.6295053449616153, 2.268348253804767, 2.033738098333859, 2.680111862317755, 2.255180687444299]",1.795454342179864,13.182896137237549,200,10,10,20
"[2.9589464144388233, 2.9272623757062153, 2.87747482079423, 2.867083470087868, 2.83620058782779, 2.8166319453280075, 2.8136622209037623, 2.8031422087332696, 2.8007809979567146, 2.798075927363472, 2.796023288966301, 2.7885316997328387, 2.7813376427156693, 2.778854509370843, 2.7785814929430517, 2.7782727496953057, 2.7762576958992256, 2.7738107912374557, 2.7713731166343263, 2.7706326452214043]","[2.461482109820876, 2.5581961246969382, 2.4141222117029417, 2.5132338255044995, 2.6659720616321074, 2.681336192744156, 2.605141543852439, 2.474018945540301, 2.60745089033071, 2.4279165754619303, 2.6185119799818, 2.732836234840538, 2.548734351016511, 2.4639866297688515, 2.5614976125031372, 2.556836462130457, 2.5772473810305994, 2.3185044747629084, 2.421099816933419, 2.589326288680579]","[2.461482109820876, 2.9272623757062153, 2.87747482079423, 2.867083470087868, 2.6659720616321074, 2.681336192744156, 2.605141543852439, 2.474018945540301, 2.8007809979567146, 2.798075927363472, 2.6185119799818, 2.7885316997328387, 2.7813376427156693, 2.778854509370843, 2.7785814929430517, 2.7782727496953057, 2.7762576958992256, 2.7738107912374557, 2.7713731166343263, 2.589326288680579]",2.073822809882968,13.172430753707886,200,10,10,20
"[2.970381147283369, 2.9554581815519074, 2.953182921404245, 2.8811387057495175, 2.8787812934908414, 2.863936209267025, 2.8586591291115937, 2.857129590781974, 2.854009877042516, 2.8444857007878848, 2.841210746578202, 2.8210356687055156, 2.812747659676455, 2.8064827581878258, 2.805614105685788, 2.803360424239673, 2.7988049464189078, 2.7878265216259472, 2.7862070161262404, 2.7852144511664307]","[2.5636673334403115, 2.773156354003481, 2.3808570812163734, 2.52722847343385, 2.5554919518281967, 2.6322647298707076, 2.5534681387912754, 2.3023152298492064, 2.8586591291115937, 2.805614105685788, 2.5366554339769674, 2.5534681387912754, 2.5356550463060437, 2.5719023232660736, 2.2083899616747575, 2.703408938851992, 2.5168186997553885, 2.953182921404245, 2.5491752606798905, 2.6882026849361123]","[2.970381147283369, 2.9554581815519074, 2.953182921404245, 2.8811387057495175, 2.8787812934908414, 2.6322647298707076, 2.5534681387912754, 2.857129590781974, 2.8586591291115937, 2.8444857007878848, 2.5366554339769674, 2.8210356687055156, 2.5356550463060437, 2.8064827581878258, 2.805614105685788, 2.803360424239673, 2.7988049464189078, 2.953182921404245, 2.7862070161262404, 2.7852144511664307]",2.0897948620623046,13.205487728118896,200,10,10,20
"[5.788666036648168, 5.640363342865367, 5.640332036881609, 5.6285276764767165, 5.596886768632406, 5.594269977818673, 5.568764473983041, 5.5651601841296285, 5.543859956592818, 5.53359843997001, 5.531950968204908, 5.5238718374017655, 5.5213582394301515, 5.515319545038635, 5.513027679698275, 5.501693320662663, 5.4894368547146675, 5.48661554970905, 5.47555421179541, 5.4716788045719875]","[5.320058074907872, 5.194820104888648, 5.154092537215872, 5.108521994296395, 5.4716788045719875, 5.066410497442924, 5.27460991180996, 5.311741031392756, 5.1424811823150005, 4.903896012865809, 5.3021270404681715, 5.207787081854281, 5.345660304256772, 5.218008676094878, 5.121044216828157, 4.972902690807616, 5.5213582394301515, 5.288658731707743, 5.097488247771523, 5.257676391179059]","[5.788666036648168, 5.194820104888648, 5.154092537215872, 5.6285276764767165, 5.4716788045719875, 5.066410497442924, 5.27460991180996, 5.311741031392756, 5.1424811823150005, 5.53359843997001, 5.3021270404681715, 5.5238718374017655, 5.345660304256772, 5.218008676094878, 5.513027679698275, 4.972902690807616, 5.4894368547146675, 5.48661554970905, 5.097488247771523, 5.4716788045719875]",4.515819101211119,27.27525877952576,200,10,20,20
"[5.341915025841691, 5.296430863294682, 5.200420576581884, 5.1828304947661605, 5.174279664608825, 5.154304073804277, 5.141563542998721, 5.116561724939843, 5.071748400910685, 5.0711946456807615, 5.0483726169908065, 5.021879503211778, 5.018495016016305, 5.013693846558771, 5.00488800601825, 5.000773121132294, 4.999687070423003, 4.9788301552258325, 4.960733294773845, 4.952020808693246]","[4.467269047824457, 5.141563542998721, 4.766199204617383, 5.0483726169908065, 4.754145729521238, 4.714570523555843, 4.910015715451336, 4.9788301552258325, 4.945070419952525, 4.502450197307215, 3.999463281642882, 4.855024153229206, 4.666776928578732, 4.714570523555843, 5.071748400910685, 4.403688388764233, 4.520784376953294, 4.380609337419415, 4.173724554499166, 4.28684779237476]","[5.341915025841691, 5.141563542998721, 4.766199204617383, 5.1828304947661605, 5.174279664608825, 5.154304073804277, 4.910015715451336, 5.116561724939843, 5.071748400910685, 4.502450197307215, 5.0483726169908065, 4.855024153229206, 4.666776928578732, 4.714570523555843, 5.00488800601825, 4.403688388764233, 4.999687070423003, 4.380609337419415, 4.960733294773845, 4.952020808693246]",3.88495380924534,27.393041372299194,200,10,20,20
"[5.5192330008366675, 5.436566629043724, 5.422205126670086, 5.41025414999681, 5.3711638595359394, 5.353702603414777, 5.349551797308221, 5.340528700798136, 5.299224048418065, 5.278442716526466, 5.271735069576706, 5.265336859859133, 5.264873843977826, 5.254160608272905, 5.251116410792989, 5.245679572905211, 5.219261686158596, 5.215680101315068, 5.214457365922764, 5.201926182071782]","[5.278442716526466, 5.199143828664743, 5.215680101315068, 5.0443379161391695, 5.082043443810972, 4.875520569208492, 4.8640772126432275, 4.8898380346425565, 4.937515564348764, 5.002617102785851, 4.979064623337457, 4.494541835838462, 4.908327560594363, 4.573708559278231, 5.055845131209794, 5.073145047755895, 5.201926182071782, 4.66998035825642, 4.923579338565388, 4.660009049573282]","[5.278442716526466, 5.199143828664743, 5.215680101315068, 5.0443379161391695, 5.3711638595359394, 4.875520569208492, 5.349551797308221, 4.8898380346425565, 5.299224048418065, 5.002617102785851, 5.271735069576706, 5.265336859859133, 5.264873843977826, 5.254160608272905, 5.055845131209794, 5.245679572905211, 5.219261686158596, 4.66998035825642, 5.214457365922764, 4.660009049573282]",4.216253602273898,27.405441999435425,200,10,20,20
"[5.712627641971291, 5.586859826229611, 5.574744574956957, 5.555839973083176, 5.516300552610673, 5.506829852253114, 5.451823911444449, 5.446240495917432, 5.442534470720443, 5.432681793257167, 5.415075860336284, 5.412807060466417, 5.38809805900236, 5.387015901431608, 5.379351278854095, 5.374504915932774, 5.356077138927798, 5.348950818320769, 5.347875317595921, 5.3380852156243455]","[5.1804910530952, 5.116063953896539, 5.574744574956957, 5.446240495917432, 5.059347017261559, 5.263721691061064, 5.3380852156243455, 4.8135903419174735, 5.107904884302883, 5.243679506167355, 5.108084708260421, 4.57415118049628, 4.900340521709996, 5.218146151127542, 5.21849086637644, 5.145460903034928, 5.048389228982727, 5.024777134343159, 4.891315267893826, 4.826504856444295]","[5.1804910530952, 5.586859826229611, 5.574744574956957, 5.446240495917432, 5.059347017261559, 5.263721691061064, 5.3380852156243455, 5.446240495917432, 5.442534470720443, 5.243679506167355, 5.415075860336284, 5.412807060466417, 5.38809805900236, 5.387015901431608, 5.379351278854095, 5.374504915932774, 5.356077138927798, 5.024777134343159, 4.891315267893826, 4.826504856444295]",4.319213861706275,27.23298001289368,200,10,20,20
"[5.403273548810464, 5.320599046278407, 5.290048440732421, 5.283405212781842, 5.266506304419707, 5.254752228449102, 5.252587300469893, 5.2360576711892906, 5.2355865006333335, 5.203355584609411, 5.183370046808839, 5.178623772562535, 5.17374233927741, 5.17255221201021, 5.1676644674734655, 5.151235415044079, 5.142875748855286, 5.140999005964357, 5.1340659659805645, 5.129518978725836]","[4.916995306590091, 4.754758077304994, 4.344660598826784, 4.228562588224168, 4.005684833003977, 4.8251263432726, 4.466632830528609, 5.041595205737661, 4.726539989588014, 4.918772492537841, 4.924917119459747, 4.375492724289789, 5.320599046278407, 5.1088318982195435, 5.082071484769071, 4.413326614406098, 4.612786912848927, 4.972800529099322, 4.787289949777165, 4.883429159603278]","[4.916995306590091, 4.754758077304994, 5.290048440732421, 5.283405212781842, 4.005684833003977, 5.254752228449102, 5.252587300469893, 5.2360576711892906, 4.726539989588014, 4.918772492537841, 4.924917119459747, 4.375492724289789, 5.320599046278407, 5.17255221201021, 5.082071484769071, 5.151235415044079, 5.142875748855286, 5.140999005964357, 5.1340659659805645, 5.129518978725836]",3.718031555186307,27.26683020591736,200,10,20,20
"[5.285032963629929, 5.140710439517845, 5.079996407260917, 5.053768580529393, 5.043527237292976, 5.011450018561703, 4.989483272105178, 4.977114556987322, 4.973729890014805, 4.970246893552808, 4.923661118826853, 4.921397511827314, 4.91749368343412, 4.915850947626679, 4.910099643016386, 4.886700943265883, 4.873070030716011, 4.873052011223846, 4.860368167563931, 4.854768819423904]","[3.823609086562873, 4.508018482451878, 4.921397511827314, 4.162120548611553, 4.641881012828365, 4.288839469570411, 4.388968223775324, 4.60612743103149, 4.113852314160553, 4.417227157268272, 4.021382475052335, 4.515519697303356, 4.415312657600814, 4.667161121393734, 4.784108230803237, 4.921397511827314, 4.423240630854402, 4.628373652171943, 4.417227157268272, 4.72681144851795]","[5.285032963629929, 5.140710439517845, 4.921397511827314, 4.162120548611553, 5.043527237292976, 4.288839469570411, 4.388968223775324, 4.60612743103149, 4.113852314160553, 4.970246893552808, 4.923661118826853, 4.515519697303356, 4.91749368343412, 4.915850947626679, 4.910099643016386, 4.921397511827314, 4.873070030716011, 4.873052011223846, 4.417227157268272, 4.72681144851795]",3.5884055121100547,27.342280864715576,200,10,20,20
"[5.759524296065305, 5.6965940555112, 5.673984809735527, 5.663573327006193, 5.657738522590803, 5.641528837278141, 5.625162489357694, 5.620250934864845, 5.619588694159875, 5.614143768931889, 5.605459264804968, 5.604929795713082, 5.588090948457804, 5.574802839949811, 5.529723189431994, 5.5296206296787584, 5.519267865159696, 5.512210859477749, 5.5074458358281255, 5.496110172971057]","[5.177924165052214, 5.657738522590803, 4.9717160098211615, 5.1948189159923155, 5.203588970741453, 5.080960919194976, 5.352191502747386, 5.1342952876385155, 5.274889280478614, 4.819757588069623, 5.619588694159875, 4.464294195974922, 4.984081653176221, 5.175088749916368, 5.165266214172495, 5.070759332430517, 5.30313176443177, 4.819757588069623, 5.228966153888543, 5.237539901696963]","[5.759524296065305, 5.657738522590803, 4.9717160098211615, 5.663573327006193, 5.203588970741453, 5.641528837278141, 5.352191502747386, 5.1342952876385155, 5.274889280478614, 5.614143768931889, 5.605459264804968, 4.464294195974922, 5.588090948457804, 5.175088749916368, 5.529723189431994, 5.5296206296787584, 5.30313176443177, 4.819757588069623, 5.5074458358281255, 5.237539901696963]",4.445393806571373,27.39346408843994,200,10,20,20
"[5.404094454755778, 5.3600372141315376, 5.354446145785219, 5.349386039277692, 5.34323706472675, 5.324075109438899, 5.324022284491179, 5.322556609079518, 5.314829346774797, 5.313504284328026, 5.310534322893108, 5.280078999651932, 5.25977810180158, 5.255775610449547, 5.248845384298182, 5.219270974926922, 5.214031869614427, 5.211151408810918, 5.210019247962815, 5.20923063853501]","[5.149009711102195, 5.1720790224467414, 5.25977810180158, 4.9841806637294805, 5.071575142551142, 4.712875646473069, 4.935008734727037, 4.8894537829273155, 4.633695104793729, 4.681333435556976, 3.9240217015418355, 4.738644369382151, 4.981465814861482, 5.25977810180158, 4.298136252256117, 5.000977947688391, 5.280078999651932, 4.37930733213511, 5.087947688986004, 4.935008734727037]","[5.149009711102195, 5.1720790224467414, 5.25977810180158, 5.349386039277692, 5.071575142551142, 5.324075109438899, 5.324022284491179, 5.322556609079518, 5.314829346774797, 4.681333435556976, 5.310534322893108, 5.280078999651932, 5.25977810180158, 5.25977810180158, 4.298136252256117, 5.219270974926922, 5.214031869614427, 5.211151408810918, 5.210019247962815, 4.935008734727037]",3.924021701541836,27.66289734840393,200,10,20,20
"[5.707739216110853, 5.680155771512361, 5.63013196503139, 5.595334884829024, 5.572270082564348, 5.55763836149648, 5.5561295204753725, 5.537639327520015, 5.533806434903307, 5.515871618980022, 5.513598322697093, 5.498166872846023, 5.477096062352149, 5.4736341671513395, 5.455723470267455, 5.449633193508845, 5.4452880181850825, 5.442438290362467, 5.422650401502471, 5.419955938430488]","[5.3061557128155465, 4.707708394504551, 5.3396857061110925, 5.029564480677494, 5.091723820950052, 4.652405617844589, 5.015788883292467, 4.134920236625514, 5.399358165641907, 5.63013196503139, 4.9857895280061575, 5.242626076515669, 5.449633193508845, 5.288422924105339, 4.593554989401588, 5.05400725292434, 5.015788883292467, 4.9885268939671, 5.513598322697093, 4.6928740005390335]","[5.3061557128155465, 4.707708394504551, 5.63013196503139, 5.029564480677494, 5.572270082564348, 5.55763836149648, 5.015788883292467, 5.537639327520015, 5.399358165641907, 5.515871618980022, 5.513598322697093, 5.498166872846023, 5.449633193508845, 5.288422924105339, 4.593554989401588, 5.449633193508845, 5.015788883292467, 5.442438290362467, 5.422650401502471, 4.6928740005390335]",4.134920236625514,27.27619409561157,200,10,20,20
"[5.522196082694476, 5.407399348458578, 5.361794212027986, 5.333281161739618, 5.313027914245289, 5.306185149126707, 5.250057192100075, 5.244724989343612, 5.243633379578596, 5.24159924641605, 5.234965987351699, 5.213807665252796, 5.2083497941262, 5.201266967492221, 5.180408662338187, 5.179995805953884, 5.1728068966730625, 5.170453816275209, 5.16868994650415, 5.160662412018192]","[4.729822313003937, 4.86915869559282, 4.804868172406192, 4.886883938291076, 5.028876033823083, 4.803854251685471, 5.1234615787956335, 5.120774009892404, 4.759627125387092, 5.133963563741375, 4.966208155280427, 4.534604938409434, 4.655015467253832, 4.776481777340415, 4.86915869559282, 4.6880451063163875, 5.009199227912368, 4.756263520690944, 4.165825573269327, 4.7088463900512165]","[4.729822313003937, 5.407399348458578, 5.361794212027986, 5.333281161739618, 5.028876033823083, 5.306185149126707, 5.1234615787956335, 5.120774009892404, 4.759627125387092, 5.133963563741375, 5.234965987351699, 5.213807665252796, 5.2083497941262, 5.201266967492221, 4.86915869559282, 4.6880451063163875, 5.1728068966730625, 5.170453816275209, 5.16868994650415, 5.160662412018192]",4.165825573269327,27.53825187683105,200,10,20,20
"[4.559458100059554, 4.522490213894168, 4.486956730858713, 4.481827115641905, 4.461855266039509, 4.440846999537613, 4.393092689984502, 4.371280400811238, 4.369327347031043, 4.367883852987717, 4.36770655689739, 4.361772237618504, 4.354284259832562, 4.354095384319633, 4.343541312190632, 4.337449264674394, 4.332869916061922, 4.329649072466613, 4.3295695459838415, 4.300568447503615]","[3.7100758940747283, 4.206564220010608, 3.9978477456238664, 3.848401671746578, 4.367883852987717, 3.98533328326061, 4.106352297588911, 3.5969584412901088, 3.5057843223664302, 3.195902593446662, 3.7605788129895115, 3.9999229064492647, 3.657266224445038, 3.702193027807553, 3.9978477456238664, 3.8116955859160253, 4.1013978296944, 3.7591189705693715, 4.009150960853468, 3.8798068962926306]","[3.7100758940747283, 4.206564220010608, 4.486956730858713, 3.848401671746578, 4.367883852987717, 4.440846999537613, 4.106352297588911, 4.371280400811238, 4.369327347031043, 3.195902593446662, 4.36770655689739, 4.361772237618504, 3.657266224445038, 3.702193027807553, 3.9978477456238664, 3.8116955859160253, 4.1013978296944, 4.329649072466613, 4.009150960853468, 3.8798068962926306]",3.195902593446662,27.575454473495483,200,10,20,20
"[5.274978623206747, 5.271142017853241, 5.208736150785174, 5.204518603291902, 5.1969174636169, 5.187273056166189, 5.17595886105512, 5.175512618455508, 5.162690176825298, 5.14641508755493, 5.146271807686323, 5.142262775913855, 5.131959387743115, 5.1261355496499235, 5.110276285004853, 5.100835251000048, 5.085803862466519, 5.079307975105915, 5.0761322222856, 5.07532632094506]","[4.8956665759195905, 4.423712777525988, 4.653306543930918, 4.644598297990862, 4.957665235625197, 5.1969174636169, 4.849273340621309, 4.910890596344206, 4.489523532910631, 4.7593843371566145, 4.894981512324028, 4.815834081412473, 5.07532632094506, 4.612623090658692, 4.683715032009191, 4.8428715156244, 4.283038079473194, 4.974980001789825, 4.812779306256799, 4.868098336785451]","[5.274978623206747, 5.271142017853241, 4.653306543930918, 5.204518603291902, 4.957665235625197, 5.1969174636169, 5.17595886105512, 4.910890596344206, 5.162690176825298, 5.14641508755493, 5.146271807686323, 5.142262775913855, 5.07532632094506, 4.612623090658692, 5.110276285004853, 4.8428715156244, 5.085803862466519, 4.974980001789825, 4.812779306256799, 4.868098336785451]",4.03451009711679,27.50888752937317,200,10,20,20
"[6.194021876261303, 6.063197418504387, 6.055012207593988, 6.0276294893680475, 6.011523570331192, 6.011385655312398, 6.005822627623611, 5.99459468066431, 5.987286926273803, 5.979296459107554, 5.972364770857152, 5.971788522758536, 5.965588938868624, 5.964543202846442, 5.958257252167061, 5.956628902918692, 5.947029694868934, 5.938287924456442, 5.9224085172849055, 5.921948786934187]","[5.796980142480892, 5.947029694868934, 5.796980142480892, 5.568313326761052, 5.9224085172849055, 5.487563897220628, 5.879878429891844, 5.635361190437753, 5.446868712404641, 5.508492013837352, 5.8935531903908185, 5.201931865500108, 5.501518613738407, 5.870025322904868, 5.56814636655787, 5.964543202846442, 5.592974637861882, 5.870025322904868, 5.796980142480892, 5.552623009930224]","[6.194021876261303, 6.063197418504387, 5.796980142480892, 6.0276294893680475, 5.9224085172849055, 6.011385655312398, 5.879878429891844, 5.635361190437753, 5.446868712404641, 5.979296459107554, 5.8935531903908185, 5.201931865500108, 5.965588938868624, 5.964543202846442, 5.958257252167061, 5.956628902918692, 5.947029694868934, 5.870025322904868, 5.796980142480892, 5.921948786934187]",4.907303112049454,28.51922583580017,200,10,20,20
"[5.952459133793134, 5.7215812180087795, 5.711236821150146, 5.6912712351823505, 5.676405885405231, 5.653684919884501, 5.625369009123682, 5.609370529833258, 5.602492015661153, 5.590887841647341, 5.58288772222154, 5.582462100233148, 5.577095662557501, 5.576564951317017, 5.566469228412336, 5.564286341181229, 5.560835863949658, 5.552925987987921, 5.548360603585511, 5.5411559681994165]","[5.136284159113376, 5.372623677436019, 5.18885337156659, 5.711236821150146, 4.889759186430854, 5.653684919884501, 5.3565690877560455, 5.653684919884501, 5.27228890904067, 5.399738737673863, 4.967347031268923, 4.935913313734998, 5.1605100717007755, 4.600267367626818, 5.3629921450210345, 5.625369009123682, 5.239323231370125, 5.1703015152082425, 5.323349437685507, 5.07157829059222]","[5.136284159113376, 5.372623677436019, 5.711236821150146, 5.711236821150146, 4.889759186430854, 5.653684919884501, 5.625369009123682, 5.609370529833258, 5.27228890904067, 5.590887841647341, 5.58288772222154, 4.935913313734998, 5.1605100717007755, 4.600267367626818, 5.566469228412336, 5.625369009123682, 5.560835863949658, 5.1703015152082425, 5.323349437685507, 5.5411559681994165]",4.443129423723629,28.98058319091797,200,10,20,20
"[4.912445563574523, 4.8855107767213015, 4.747689209044536, 4.740944110767793, 4.716776383238952, 4.70933742857361, 4.666934358592283, 4.653180922633474, 4.6450491698623155, 4.642057129597622, 4.615403620833303, 4.60092060805168, 4.593713062276365, 4.565279715441119, 4.564430409768973, 4.5520465210033505, 4.54918632857083, 4.54401297762673, 4.5404302439920095, 4.536460760881821]","[3.9925845674609324, 4.273018225003491, 3.960710727784876, 4.096360192627201, 4.333829423290655, 4.4061746538343405, 4.280300250671193, 3.9932664692684408, 3.9207905586928424, 4.324597310269501, 4.467440882437886, 4.333829423290655, 4.3857348408002705, 4.521119306995959, 4.3282262218248615, 3.933168260710995, 4.5142319059225136, 4.454150047651086, 4.182902775383076, 4.383061461575632]","[4.912445563574523, 4.273018225003491, 4.747689209044536, 4.740944110767793, 4.333829423290655, 4.4061746538343405, 4.666934358592283, 4.653180922633474, 3.9207905586928424, 4.642057129597622, 4.615403620833303, 4.333829423290655, 4.593713062276365, 4.521119306995959, 4.564430409768973, 4.5520465210033505, 4.5142319059225136, 4.54401297762673, 4.5404302439920095, 4.536460760881821]",3.4517683497187863,28.77370047569275,200,10,20,20
"[5.940888844260458, 5.93567027413094, 5.914510689500511, 5.863040287329817, 5.839857571620625, 5.834268925719053, 5.793250603996955, 5.786086538530658, 5.784913130853155, 5.7694770413956755, 5.741291211191822, 5.735787099228887, 5.726358907010982, 5.716687262029037, 5.706640045448944, 5.705169681431519, 5.703896015669531, 5.698864779840623, 5.697422560058135, 5.689134019737652]","[5.179026125529211, 5.253762890200817, 4.963707705726468, 5.793250603996955, 5.839857571620625, 5.436374801412696, 5.152594706886307, 5.93567027413094, 5.480177704223342, 5.2165685309080425, 5.316524500036425, 5.438196773248721, 5.279463313034561, 5.325333986169977, 5.223041290142099, 5.7694770413956755, 5.222108229920045, 5.155754704328139, 5.1247705884458155, 5.193634993973032]","[5.179026125529211, 5.253762890200817, 4.963707705726468, 5.863040287329817, 5.839857571620625, 5.834268925719053, 5.152594706886307, 5.93567027413094, 5.784913130853155, 5.2165685309080425, 5.741291211191822, 5.438196773248721, 5.279463313034561, 5.716687262029037, 5.223041290142099, 5.705169681431519, 5.222108229920045, 5.155754704328139, 5.697422560058135, 5.689134019737652]",4.485592568109622,27.9660120010376,200,10,20,20
"[5.860825990313198, 5.835009268172186, 5.832678924587538, 5.7410819829776445, 5.73768190619004, 5.73278929637062, 5.727900709489956, 5.697819673241042, 5.6893885885671, 5.687246238754918, 5.68594865727823, 5.670495923582307, 5.658720510506919, 5.648974797907142, 5.639172219183182, 5.627607345885242, 5.622180981187851, 5.615196587758912, 5.613227351685764, 5.601536354533647]","[5.270769820585008, 5.390280344151566, 5.520006008155879, 5.520006008155879, 5.32477238135715, 5.2264137635275825, 5.417314243900817, 5.3758399449038965, 5.462238247322555, 5.860825990313198, 5.334096871571113, 5.727900709489956, 5.490939295969433, 5.568711187501787, 5.095586476571895, 5.658720510506919, 5.315347257745334, 5.309881291750951, 5.348791100526913, 5.417665000409908]","[5.270769820585008, 5.390280344151566, 5.520006008155879, 5.7410819829776445, 5.32477238135715, 5.73278929637062, 5.727900709489956, 5.3758399449038965, 5.462238247322555, 5.687246238754918, 5.334096871571113, 5.670495923582307, 5.490939295969433, 5.568711187501787, 5.095586476571895, 5.658720510506919, 5.622180981187851, 5.309881291750951, 5.613227351685764, 5.417665000409908]",4.560872489221156,27.306362867355347,200,10,20,20
"[5.691937069104296, 5.68317322423859, 5.643591447472439, 5.609665907538773, 5.603431906877207, 5.598767003097874, 5.583084006168785, 5.579426872595349, 5.574944511519542, 5.564106293773796, 5.5601353794947075, 5.538595066499409, 5.528085772846855, 5.526406839571467, 5.52270410589254, 5.518467408169706, 5.516802926166402, 5.512469039859958, 5.510608731581003, 5.510147678948438]","[5.383373625229293, 4.692727535470491, 5.221071804108474, 5.135644233275508, 4.827178922002055, 5.12424393613557, 5.258516816544334, 5.139987965371893, 5.171283328172851, 5.255140386091606, 4.8417748162357945, 5.256439156076688, 5.171283328172851, 5.452190923587849, 4.83443356199338, 4.7668779437415125, 5.07412453581046, 5.1698510528391965, 5.258967248934564, 4.936056487966985]","[5.383373625229293, 5.68317322423859, 5.643591447472439, 5.135644233275508, 5.603431906877207, 5.12424393613557, 5.258516816544334, 5.579426872595349, 5.171283328172851, 5.564106293773796, 5.5601353794947075, 5.538595066499409, 5.171283328172851, 5.452190923587849, 4.83443356199338, 4.7668779437415125, 5.07412453581046, 5.1698510528391965, 5.258967248934564, 4.936056487966985]",4.569514460856492,27.25029945373535,200,10,20,20
"[5.287263276949878, 5.121905040213337, 5.115964767594732, 5.1157833081931505, 5.115758822523018, 5.111807825802046, 5.105283128508974, 5.086329502891452, 5.083323514553817, 5.079986863225947, 5.066831619807698, 5.0595465028717985, 5.059160120974114, 5.040729454733919, 5.037226612660976, 5.028555388683026, 5.002008911795111, 4.997885667013534, 4.996622002298996, 4.986791240433949]","[4.752364688035505, 4.973060254402754, 4.52946177487613, 4.878254601872139, 4.7252854143192575, 4.330014015503628, 4.812420690963821, 4.659973828142002, 4.659973828142002, 4.5559366866568505, 4.348105052815999, 4.7559542452350065, 4.746270711516571, 5.121905040213337, 4.552356311346701, 4.6014315482430685, 4.454890591479359, 4.7252854143192575, 4.793338410141378, 4.795767782689372]","[5.287263276949878, 4.973060254402754, 5.115964767594732, 5.1157833081931505, 4.7252854143192575, 5.111807825802046, 4.812420690963821, 4.659973828142002, 5.083323514553817, 4.5559366866568505, 5.066831619807698, 4.7559542452350065, 5.059160120974114, 5.040729454733919, 5.037226612660976, 4.6014315482430685, 5.002008911795111, 4.997885667013534, 4.996622002298996, 4.795767782689372]",3.994390966194659,27.220574855804443,200,10,20,20
"[5.80943103335153, 5.765182517103927, 5.693927736357968, 5.6307571595670804, 5.56495205893246, 5.552576830631555, 5.5494356467541115, 5.545956056375976, 5.54331901609763, 5.541651987991961, 5.537712996657487, 5.534094276180741, 5.524510701799904, 5.522451696460356, 5.510224669782166, 5.501778574351915, 5.4903668630052, 5.482727831351904, 5.4716733476497605, 5.470992158151621]","[5.449437703197975, 5.293157197124002, 5.233511875181473, 5.6307571595670804, 5.127978305141589, 5.233202436526441, 4.908876157158328, 5.259500693606077, 5.291255906347168, 5.275550888190022, 4.89462942402102, 4.7526367933601845, 4.960227538896935, 4.851287051699027, 4.886194967377102, 5.144332241775412, 5.238458033861068, 5.092328017088363, 5.534094276180741, 5.094798544766351]","[5.80943103335153, 5.293157197124002, 5.233511875181473, 5.6307571595670804, 5.56495205893246, 5.233202436526441, 4.908876157158328, 5.259500693606077, 5.54331901609763, 5.275550888190022, 4.89462942402102, 4.7526367933601845, 5.524510701799904, 4.851287051699027, 5.510224669782166, 5.144332241775412, 5.238458033861068, 5.482727831351904, 5.4716733476497605, 5.094798544766351]",4.261127579692635,27.243542909622192,200,10,20,20