"[5.203434465695057, 4.987128308047999, 4.965024923112459, 4.9515227176032885, 4.924461897925821, 4.907246582164313, 4.902551766169453, 4.894161167683666, 4.87697877963674, 4.857485526247578, 4.85477388662785, 4.8482288372229565, 4.84419776342398, 4.827132070564201, 4.812648372260908, 4.802166466235379, 4.795358453492879, 4.792861293367596, 4.783854707480715, 4.773751704640526]","[4.0628451943383785, 3.839980588438353, 4.56258013628914, 4.570133615364773, 4.315853577759287, 4.549314007096176, 4.558645339362757, 3.9725109725023393, 4.987128308047999, 4.6958709650314985, 4.246621340594592, 4.281127310191195, 4.987128308047999, 4.299429322457231, 4.392751792040871, 4.074508923050805, 4.190678637482775, 4.179582099598753, 4.508876493980037, 4.261973645863345]","[4.0628451943383785, 3.839980588438353, 4.965024923112459, 4.9515227176032885, 4.924461897925821, 4.549314007096176, 4.902551766169453, 3.9725109725023393, 4.87697877963674, 4.857485526247578, 4.85477388662785, 4.281127310191195, 4.84419776342398, 4.827132070564201, 4.392751792040871, 4.074508923050805, 4.795358453492879, 4.792861293367596, 4.508876493980037, 4.261973645863345]",3.839980588438353,25.910845041275024,200,10,20,20
"[5.3850932073589535, 5.2735157356164555, 5.25985650133762, 5.245422052063811, 5.221503097583826, 5.214880409614281, 5.21105398543496, 5.20781903640164, 5.206212800414876, 5.2025684482784635, 5.189204044380369, 5.169463600947545, 5.158048564364811, 5.152956972867074, 5.146682531500668, 5.1416567440862, 5.1410290631267825, 5.138979826539971, 5.133589150184997, 5.10027427898968]","[4.7773274472918885, 4.776006315830638, 4.375471285313303, 4.823294297103996, 4.971876108679405, 4.662770863377861, 4.995582239138957, 4.822231143175605, 4.4112624954499, 4.836462301870319, 4.685468347524893, 4.983756140510459, 5.189204044380369, 4.976753710398991, 4.741676888106399, 4.839707296852962, 4.895453981590646, 4.810127099917662, 4.599394132952661, 5.221503097583826]","[4.7773274472918885, 5.2735157356164555, 4.375471285313303, 4.823294297103996, 5.221503097583826, 4.662770863377861, 5.21105398543496, 5.20781903640164, 4.4112624954499, 5.2025684482784635, 4.685468347524893, 5.169463600947545, 5.158048564364811, 4.976753710398991, 5.146682531500668, 5.1416567440862, 5.1410290631267825, 5.138979826539971, 4.599394132952661, 5.221503097583826]",4.375471285313303,25.938618421554565,200,10,20,20
"[5.588782903058845, 5.537435605241566, 5.506872499735643, 5.500362248678063, 5.457431687054358, 5.456344935658485, 5.440489446909716, 5.42758906496458, 5.426274955403203, 5.416533736863025, 5.413983481130967, 5.402648859962973, 5.392648467599046, 5.388077750451644, 5.387215900890409, 5.3863922648141545, 5.380233166698555, 5.377658489587279, 5.35525258279099, 5.332451842194737]","[4.451082187524058, 4.419988781644891, 5.233485851950383, 4.988452474082202, 4.674092800065866, 5.084292980599329, 4.939783067709156, 5.324413689333303, 4.793019617559502, 5.35525258279099, 5.258186634031538, 4.753652055992241, 5.047258566527865, 4.702823438772847, 4.698076608530979, 5.119217136755493, 4.521084201598476, 4.781619441167664, 4.421521349416175, 4.903023496346328]","[5.588782903058845, 5.537435605241566, 5.233485851950383, 4.988452474082202, 4.674092800065866, 5.456344935658485, 4.939783067709156, 5.42758906496458, 4.793019617559502, 5.416533736863025, 5.413983481130967, 4.753652055992241, 5.047258566527865, 5.388077750451644, 5.387215900890409, 5.3863922648141545, 5.380233166698555, 5.377658489587279, 5.35525258279099, 5.332451842194737]",4.036459412078043,25.937175035476685,200,10,20,20
"[5.491551643068476, 5.475722809097996, 5.408813593715306, 5.380571627583423, 5.368285430508177, 5.3561809022190285, 5.354374860325993, 5.352781161265746, 5.335912277509418, 5.284488649463229, 5.283170895808055, 5.268215586118881, 5.26458294534261, 5.263970634410199, 5.2604708530302755, 5.257825452675844, 5.246205656825635, 5.235377172769023, 5.235361013552737, 5.229646804098731]","[4.562195450186639, 5.050231349509967, 5.043166850724095, 4.888283950741345, 5.015096196994406, 4.894932183907789, 5.040086723726475, 4.836287134944347, 4.837222958121076, 5.1137673703666575, 4.836621255266671, 4.94259804596026, 5.040086723726475, 4.88854920209722, 4.7035311222800855, 4.7467914103193145, 4.950364248181147, 5.064104426074067, 5.1531381137436085, 5.050591859768895]","[5.491551643068476, 5.475722809097996, 5.043166850724095, 4.888283950741345, 5.015096196994406, 5.3561809022190285, 5.040086723726475, 5.352781161265746, 4.837222958121076, 5.284488649463229, 4.836621255266671, 4.94259804596026, 5.040086723726475, 5.263970634410199, 5.2604708530302755, 4.7467914103193145, 4.950364248181147, 5.235377172769023, 5.235361013552737, 5.229646804098731]",4.489415442516701,25.91275095939636,200,10,20,20
"[5.457234394191421, 5.409653470551769, 5.400180544414447, 5.397545250138567, 5.378838569114922, 5.360440938881146, 5.353577429891472, 5.318093392515973, 5.314076138973948, 5.311995425447049, 5.277669757632404, 5.274482188782235, 5.262562277516031, 5.242812863383658, 5.220254672931304, 5.19609857617269, 5.1668936573983215, 5.160402171741459, 5.156402076006938, 5.1314482673319555]","[4.343622800565501, 5.1026811728257755, 4.764945867330277, 4.540934264038887, 4.743588770302342, 4.790386376794672, 4.544840706058429, 4.7902975242191115, 4.64249618480444, 4.107419701148361, 4.790386376794672, 5.160402171741459, 4.778069437821942, 5.378838569114922, 5.160402171741459, 4.797997422628021, 5.068834270587502, 4.654343904799987, 4.541028389176042, 4.490410907994648]","[5.457234394191421, 5.1026811728257755, 4.764945867330277, 5.397545250138567, 5.378838569114922, 4.790386376794672, 4.544840706058429, 4.7902975242191115, 5.314076138973948, 4.107419701148361, 4.790386376794672, 5.274482188782235, 4.778069437821942, 5.242812863383658, 5.160402171741459, 5.19609857617269, 5.068834270587502, 5.160402171741459, 5.156402076006938, 5.1314482673319555]",3.802659267270451,25.96113872528076,200,10,20,20
"[5.696872187821167, 5.625816817483538, 5.58692680136284, 5.571291899143808, 5.571187160954179, 5.557041811330955, 5.556641631569061, 5.5556894680466575, 5.5445261025635695, 5.530224217313796, 5.4798496656888505, 5.479781524229124, 5.475858455551565, 5.467741594581679, 5.456452968951434, 5.446372114306051, 5.444432701356557, 5.435579894590318, 5.4342547085811015, 5.433595172162796]","[5.4798496656888505, 5.153799353818814, 5.297956631040524, 4.754014846809186, 4.975489388025576, 5.287641497477013, 4.859459158216198, 5.351536942117271, 5.365757024378893, 5.258857461990591, 5.253391906622186, 5.351536942117271, 5.041567587793047, 4.98986514317094, 5.290838253598175, 4.744892935408112, 5.076036514110067, 4.7544556947113366, 5.290838253598175, 5.240205658208222]","[5.696872187821167, 5.625816817483538, 5.58692680136284, 4.754014846809186, 4.975489388025576, 5.557041811330955, 4.859459158216198, 5.351536942117271, 5.365757024378893, 5.258857461990591, 5.4798496656888505, 5.479781524229124, 5.041567587793047, 4.98986514317094, 5.290838253598175, 4.744892935408112, 5.444432701356557, 4.7544556947113366, 5.4342547085811015, 5.240205658208222]",4.59610996663577,25.89381241798401,200,10,20,20
"[5.769735581769698, 5.743668526360884, 5.689792838421087, 5.679800896731939, 5.674589734551642, 5.674503287625501, 5.618486621467246, 5.583553365772023, 5.555857927899462, 5.553821283283606, 5.553227155591686, 5.549856646688048, 5.5431514534835555, 5.5340690433978414, 5.5243480398791664, 5.515655875969651, 5.510612520478932, 5.501361798582046, 5.474598907025187, 5.463665596164086]","[5.20155125245214, 4.911303629165502, 4.745869532089444, 4.989458878784621, 5.410557041688865, 5.052749400718999, 5.070188387703785, 5.1656111412819214, 4.8699759786818095, 5.1656111412819214, 5.296762054740414, 5.080970381452448, 5.019765552148057, 5.5243480398791664, 5.410657049627238, 5.16030897273773, 5.432823513134056, 5.301791679622426, 5.108394227353896, 5.410557041688865]","[5.769735581769698, 4.911303629165502, 4.745869532089444, 4.989458878784621, 5.410557041688865, 5.052749400718999, 5.070188387703785, 5.583553365772023, 5.555857927899462, 5.553821283283606, 5.553227155591686, 5.549856646688048, 5.5431514534835555, 5.5243480398791664, 5.410657049627238, 5.515655875969651, 5.432823513134056, 5.301791679622426, 5.108394227353896, 5.463665596164086]",4.524172201328849,25.8991219997406,200,10,20,20
"[5.625003011024263, 5.557428376939956, 5.5478945883074955, 5.4985223772821135, 5.497264097768413, 5.483338058253434, 5.482603753725269, 5.458820845750535, 5.455193135281958, 5.446648540628233, 5.439121211919519, 5.432244719220343, 5.4321827335156625, 5.421769201075999, 5.415405891601565, 5.415250633188111, 5.4114399608263595, 5.4086861186704915, 5.408063156021284, 5.402211114354463]","[5.482603753725269, 5.016031590205392, 5.037729303544488, 5.271976578850166, 5.2086137799360275, 5.455193135281958, 5.332706209288797, 5.2027967076993855, 5.143960901509259, 5.143960901509259, 5.458820845750535, 5.289582442867189, 5.199064909589807, 5.199479978178919, 5.3421715308677244, 5.280575844751779, 5.118896629891446, 5.221749764185143, 5.191474342541498, 5.286144394364617]","[5.625003011024263, 5.016031590205392, 5.037729303544488, 5.4985223772821135, 5.497264097768413, 5.483338058253434, 5.482603753725269, 5.2027967076993855, 5.143960901509259, 5.143960901509259, 5.458820845750535, 5.432244719220343, 5.199064909589807, 5.421769201075999, 5.3421715308677244, 5.415250633188111, 5.118896629891446, 5.4086861186704915, 5.408063156021284, 5.402211114354463]",4.722217950073822,25.906418800354004,200,10,20,20
"[5.062636442369115, 5.032909342774477, 5.016802892332644, 5.012890930114914, 5.001244762812807, 4.996150173098609, 4.989813121886933, 4.962529986734835, 4.962257740779575, 4.951643207229316, 4.943659981729563, 4.939559915277456, 4.932082165435444, 4.929896491847797, 4.906667789004261, 4.897713580231233, 4.896165024831462, 4.892035190302311, 4.866658364535218, 4.8657091816497635]","[4.665233215117638, 4.536896654641181, 4.673258951417573, 4.796593798918738, 4.650140525718872, 4.820451430198439, 4.413073795173675, 4.504893464240594, 4.544520538913936, 4.734242163190283, 5.016802892332644, 4.744025164716133, 4.590363125871638, 4.556343048145973, 4.5331592388071975, 4.906667789004261, 4.2868542473882725, 4.3584351871715326, 4.906667789004261, 4.627842865073478]","[5.062636442369115, 5.032909342774477, 5.016802892332644, 4.796593798918738, 5.001244762812807, 4.820451430198439, 4.413073795173675, 4.504893464240594, 4.962257740779575, 4.734242163190283, 5.016802892332644, 4.939559915277456, 4.590363125871638, 4.556343048145973, 4.906667789004261, 4.906667789004261, 4.896165024831462, 4.892035190302311, 4.866658364535218, 4.627842865073478]",4.129430719331139,25.87942147254944,200,10,20,20
"[5.141249819672616, 5.085263028621039, 4.977816649569054, 4.950232250539234, 4.8984377337920355, 4.862629923733435, 4.82555942652174, 4.823414108801942, 4.812151414970726, 4.808040496588511, 4.795654078695401, 4.789981311929994, 4.7819460189840655, 4.781881559969444, 4.765471135561686, 4.757769776561921, 4.754886259181326, 4.752712696225801, 4.751128607280225, 4.750285692688533]","[4.400289861009581, 4.512159669075767, 4.765471135561686, 4.425074557556098, 4.382808240668353, 4.656029521675881, 4.412878655242558, 4.494309053367692, 4.378833371418031, 4.3951712775251774, 4.369821722318064, 4.719073789751525, 4.490776725088542, 4.65387989335018, 4.322576323460288, 4.590561739491237, 4.27869790579331, 4.233081464810377, 4.40573091130844, 4.61368834474659]","[5.141249819672616, 5.085263028621039, 4.977816649569054, 4.425074557556098, 4.8984377337920355, 4.862629923733435, 4.82555942652174, 4.494309053367692, 4.812151414970726, 4.808040496588511, 4.795654078695401, 4.719073789751525, 4.490776725088542, 4.781881559969444, 4.765471135561686, 4.757769776561921, 4.27869790579331, 4.233081464810377, 4.40573091130844, 4.61368834474659]",3.8525479465903785,25.916884660720825,200,10,20,20
"[5.224718445281589, 5.200314853525351, 5.181655348233192, 5.149816702160365, 5.1327329477674715, 5.112772524374307, 5.081082733461185, 5.049647990008725, 5.023694761300786, 5.009374813386074, 5.0010097650023955, 4.997055726911334, 4.988808052595684, 4.987010131796115, 4.982417574511876, 4.979824067071311, 4.973624086049411, 4.969230754595421, 4.967177543898568, 4.943372431770614]","[4.845006523231299, 4.3815883302525265, 5.049647990008725, 4.4898021953020075, 4.818750925002205, 4.896580511036287, 4.68696352918352, 4.623519954941245, 4.812581234909506, 4.688573580742154, 4.361337317834079, 4.546604594593818, 4.279108457038698, 4.684977928079789, 4.616266525497719, 4.627502603702959, 4.396646735296161, 4.339511161822383, 4.659201021217603, 4.7642377393457025]","[4.845006523231299, 5.200314853525351, 5.049647990008725, 5.149816702160365, 4.818750925002205, 4.896580511036287, 5.081082733461185, 4.623519954941245, 4.812581234909506, 5.009374813386074, 5.0010097650023955, 4.546604594593818, 4.988808052595684, 4.684977928079789, 4.982417574511876, 4.627502603702959, 4.396646735296161, 4.339511161822383, 4.967177543898568, 4.943372431770614]",4.153679115300328,25.897812128067017,200,10,20,20
"[5.596384123781056, 5.547727456845974, 5.526518306330435, 5.520542436567867, 5.504995419292378, 5.486701590764181, 5.486488267477241, 5.4836290447798595, 5.465518327100343, 5.456212714534379, 5.445619615969869, 5.439159362924104, 5.437358745976811, 5.418659960583474, 5.394840892471344, 5.390065063563779, 5.385223003886425, 5.379557748445404, 5.369057146257244, 5.351611889853864]","[4.820903619307673, 4.712234631645393, 4.914184773354147, 4.908799602301147, 4.7770455545089705, 5.0938190393650755, 4.819101739139864, 5.083426974066844, 4.77678936719741, 4.382250443381326, 5.198441900638048, 4.945510004945344, 4.84011962698907, 4.640306669771739, 4.682291540876209, 5.12209692820642, 5.243263114771348, 5.121522010373739, 4.594381370974485, 5.164163444238587]","[4.820903619307673, 4.712234631645393, 5.526518306330435, 5.520542436567867, 4.7770455545089705, 5.0938190393650755, 5.486488267477241, 5.083426974066844, 4.77678936719741, 5.456212714534379, 5.445619615969869, 4.945510004945344, 4.84011962698907, 4.640306669771739, 5.394840892471344, 5.12209692820642, 5.243263114771348, 5.379557748445404, 4.594381370974485, 5.164163444238587]",4.13414156244404,25.888285160064697,200,10,20,20
"[5.429990748344353, 5.412870910440648, 5.361932401168098, 5.340905453624277, 5.335599265657185, 5.334325833244156, 5.331281332263539, 5.328711062898414, 5.312168928863442, 5.304879780061789, 5.286700496304948, 5.2491727667982815, 5.247261038955568, 5.241007020350547, 5.234737652179932, 5.225493135050214, 5.216416670459485, 5.209418663782893, 5.201189959165993, 5.187209825496763]","[4.684975071541159, 4.746492752426431, 5.241007020350547, 5.286700496304948, 4.5372417238562255, 4.806768049327074, 4.282014036042021, 5.047745394151904, 4.9721469983241455, 4.732453357145928, 4.684975071541159, 4.990049650245683, 5.006800698550329, 4.74852584010182, 5.304879780061789, 5.180919514518944, 4.8268350601106835, 4.83979070453698, 5.174128207362724, 4.6812580142598526]","[5.429990748344353, 5.412870910440648, 5.361932401168098, 5.340905453624277, 4.5372417238562255, 5.334325833244156, 5.331281332263539, 5.047745394151904, 4.9721469983241455, 4.732453357145928, 4.684975071541159, 4.990049650245683, 5.006800698550329, 5.241007020350547, 5.234737652179932, 5.180919514518944, 5.216416670459485, 5.209418663782893, 5.174128207362724, 5.187209825496763]",3.900363540133008,25.90500259399414,200,10,20,20
"[6.118844524714147, 6.111382920716256, 6.107181077789336, 6.021468219178806, 6.018086766820328, 6.0137404193519455, 6.006603967295712, 5.971566863960073, 5.960026445690367, 5.934325510268969, 5.924442926374355, 5.914643077737867, 5.9106236168928765, 5.903226036351979, 5.902838337017792, 5.901264927441003, 5.90030809752007, 5.899156391275208, 5.897886477830857, 5.883040269982756]","[5.586395715520756, 5.167721542220309, 5.637203036101394, 5.61504978369959, 5.523872281674412, 5.296699035533563, 5.6555976146548375, 5.875842471088004, 5.6539547214661985, 5.5418043347596715, 5.498622138083434, 5.16840640617469, 5.570400692707848, 5.831091779255489, 5.704586000559519, 5.362720608081141, 5.68283821668171, 5.655099793885797, 5.7193456821162405, 5.519155792186386]","[6.118844524714147, 6.111382920716256, 6.107181077789336, 6.021468219178806, 5.523872281674412, 6.0137404193519455, 5.6555976146548375, 5.971566863960073, 5.960026445690367, 5.934325510268969, 5.498622138083434, 5.16840640617469, 5.9106236168928765, 5.903226036351979, 5.902838337017792, 5.901264927441003, 5.90030809752007, 5.899156391275208, 5.7193456821162405, 5.883040269982756]",5.016013685842263,25.850444555282596,200,10,20,20
"[5.958105420195114, 5.887370238687126, 5.833258269555394, 5.816071999597239, 5.743572017388338, 5.732950583128638, 5.7031359762492295, 5.702848217817136, 5.660131139880109, 5.648902353975819, 5.647860931450655, 5.647454345836939, 5.646001098086287, 5.633945825686928, 5.627873409062893, 5.6214722468872225, 5.608976517573454, 5.570784617937575, 5.5691425340548015, 5.555573826060975]","[5.279166809316629, 5.5691425340548015, 5.34539134237469, 4.905637094415572, 5.424945333329928, 5.257363382979456, 5.472124974042125, 5.395122078217991, 5.0006054345778805, 5.223550264356344, 5.347020469674595, 5.702848217817136, 5.14574907340437, 5.52860150050359, 5.182530622345457, 5.472124974042125, 5.515292442018278, 5.185346511896412, 4.948860777715926, 5.223550264356344]","[5.958105420195114, 5.5691425340548015, 5.833258269555394, 4.905637094415572, 5.743572017388338, 5.732950583128638, 5.7031359762492295, 5.395122078217991, 5.660131139880109, 5.648902353975819, 5.647860931450655, 5.702848217817136, 5.646001098086287, 5.52860150050359, 5.182530622345457, 5.472124974042125, 5.515292442018278, 5.185346511896412, 5.5691425340548015, 5.555573826060975]",4.658366868211993,25.818589448928837,200,10,20,20
"[5.109460171708495, 5.081806390412577, 5.042581339826475, 5.010250759702686, 4.984932754113158, 4.965853446209943, 4.954205595862781, 4.95170206448082, 4.943962647836882, 4.926202712445247, 4.901774701014536, 4.890593999493555, 4.883755711343471, 4.88077755283409, 4.877156303687447, 4.873618167193334, 4.866607630539165, 4.858093626823734, 4.856495865748077, 4.83726905236333]","[4.690117257548805, 4.505495986388545, 4.795987327886795, 4.469540684126493, 4.493254437806853, 4.547986943813104, 4.883755711343471, 4.333592326815051, 4.47192725254592, 4.687767218252674, 4.255535902037901, 4.593001595536749, 5.081806390412577, 4.707416414337132, 4.173886827066814, 4.822934289376523, 4.492543280214459, 4.561204557772974, 4.315441611160287, 4.153084666064975]","[5.109460171708495, 4.505495986388545, 5.042581339826475, 5.010250759702686, 4.984932754113158, 4.965853446209943, 4.883755711343471, 4.333592326815051, 4.943962647836882, 4.687767218252674, 4.255535902037901, 4.593001595536749, 5.081806390412577, 4.707416414337132, 4.877156303687447, 4.822934289376523, 4.492543280214459, 4.561204557772974, 4.315441611160287, 4.153084666064975]",3.899233320177774,25.83271884918213,200,10,20,20
"[5.165278114818581, 5.139928319054239, 5.0856752457363665, 5.056972920665802, 5.055324408616058, 5.043645892612182, 5.040515187458361, 5.040157593554209, 5.0097093568198305, 5.002793162862605, 4.994958678907646, 4.992003442945784, 4.980132266250985, 4.9773551519986166, 4.975845284399124, 4.974013708704061, 4.972461890775368, 4.9719193789426885, 4.965181238289447, 4.944909721429601]","[4.9719193789426885, 4.672548849943342, 4.730627607203265, 4.994958678907646, 4.400670958540749, 4.868639471394412, 4.774462394036696, 4.596316017495307, 4.6594987975173146, 4.685573752994969, 4.681015468723543, 4.8667678066877995, 4.9264118463305335, 4.643188886992945, 4.668684083579277, 4.864065652473621, 4.91001970150087, 4.628315710868352, 4.728634537999077, 4.691137084466823]","[4.9719193789426885, 4.672548849943342, 4.730627607203265, 5.056972920665802, 4.400670958540749, 4.868639471394412, 5.040515187458361, 5.040157593554209, 5.0097093568198305, 4.685573752994969, 4.681015468723543, 4.8667678066877995, 4.980132266250985, 4.9773551519986166, 4.668684083579277, 4.864065652473621, 4.972461890775368, 4.9719193789426885, 4.728634537999077, 4.691137084466823]",4.186485098495559,25.87425446510315,200,10,20,20
"[5.530419739083225, 5.458068138620131, 5.456474914431186, 5.420959880245629, 5.39464375740084, 5.37425628720301, 5.3638646256874, 5.324948580676577, 5.314550273138183, 5.314501458585817, 5.311228644283515, 5.305808110456793, 5.292908436902274, 5.271438613660133, 5.2568854210393905, 5.250231332983896, 5.242007031207775, 5.239394306633346, 5.2303107760653855, 5.223047441743211]","[4.928284847235725, 5.129160170560972, 4.8404740267068, 5.035987471780287, 4.974854485638694, 4.727031630019592, 5.061060171537524, 4.232960490851084, 5.003528612441421, 4.995318186465006, 4.890325093661123, 4.612225431045362, 5.0351560159863435, 5.010991432781472, 5.39464375740084, 4.956477005032727, 5.128229744002216, 4.671653615646409, 5.050186322330707, 5.052747932198466]","[4.928284847235725, 5.458068138620131, 5.456474914431186, 5.035987471780287, 5.39464375740084, 4.727031630019592, 5.3638646256874, 4.232960490851084, 5.003528612441421, 4.995318186465006, 5.311228644283515, 5.305808110456793, 5.0351560159863435, 5.010991432781472, 5.39464375740084, 5.250231332983896, 5.242007031207775, 4.671653615646409, 5.2303107760653855, 5.052747932198466]",4.156490652952844,25.829630851745605,200,10,20,20
"[5.150345194540964, 5.070519043728558, 5.01086529053846, 5.010083005813241, 4.9986524362654885, 4.996059752101542, 4.992470142840906, 4.972284859753684, 4.9694835255260905, 4.9519681388050785, 4.94208862948839, 4.939414183306491, 4.926384871885342, 4.917939922986871, 4.91672316951694, 4.915938131614217, 4.903355379423542, 4.900976776445952, 4.896595482352635, 4.884267080495806]","[4.287476814432628, 4.917939922986871, 4.434527783416615, 4.309612754293924, 4.625308424192771, 4.611550352475977, 4.469998162450227, 4.413087177001685, 4.856348196164962, 4.724710986325689, 4.3685480655644575, 4.591196478967665, 4.609129780075898, 4.31616862807502, 4.418492315318317, 5.01086529053846, 4.470606049311597, 5.150345194540964, 4.34085821198169, 4.420241747793265]","[4.287476814432628, 5.070519043728558, 4.434527783416615, 5.010083005813241, 4.9986524362654885, 4.996059752101542, 4.469998162450227, 4.413087177001685, 4.856348196164962, 4.9519681388050785, 4.94208862948839, 4.591196478967665, 4.609129780075898, 4.917939922986871, 4.91672316951694, 5.01086529053846, 4.470606049311597, 4.900976776445952, 4.34085821198169, 4.884267080495806]",4.082236283227296,25.87343740463257,200,10,20,20
"[5.196922348938796, 5.1592756341140245, 4.990115720713277, 4.962960900472727, 4.958079617637287, 4.945178557765065, 4.934166650195896, 4.922918085349599, 4.92038859408987, 4.882963854365141, 4.844309896165054, 4.8338722650482016, 4.823663967018766, 4.819983922982789, 4.817427371436462, 4.813585196864429, 4.809075716710405, 4.796423067545822, 4.760820849172516, 4.760175154981881]","[4.344345025206979, 4.760175154981881, 4.882963854365141, 4.413988291846261, 4.176337146071701, 4.421209620486803, 4.482468137289704, 4.409917791985757, 4.587550068908776, 4.3506170205023045, 4.404725361092414, 3.9963499075615485, 4.034015701309444, 4.526228520825109, 4.819983922982789, 4.607784523351001, 4.148082444967928, 4.200505623996866, 4.253814061250867, 4.59054962238902]","[5.196922348938796, 5.1592756341140245, 4.990115720713277, 4.413988291846261, 4.958079617637287, 4.945178557765065, 4.934166650195896, 4.922918085349599, 4.92038859408987, 4.3506170205023045, 4.844309896165054, 4.8338722650482016, 4.823663967018766, 4.526228520825109, 4.817427371436462, 4.607784523351001, 4.809075716710405, 4.200505623996866, 4.760820849172516, 4.59054962238902]",3.669044530902176,25.829450607299805,200,10,20,20
"[5.075977800205028, 5.033564512193057, 5.009289035202701, 5.007207363934828, 4.984597322377681, 4.974161039033649, 4.957041517896338, 4.938505116755494, 4.937204635611855, 4.934516217181921, 4.923313229069187, 4.8870039631981825, 4.883516637371983, 4.880237038634111, 4.854067441972178, 4.848276186575113, 4.847449825348724, 4.838851338881411, 4.837511317698851, 4.828357129631222]","[4.2836886085206105, 4.6628032699809125, 4.3714192531370495, 4.533602401818338, 4.731424415297363, 4.425655387933432, 4.391747552388447, 4.741847103180099, 4.656631252835934, 4.593957592643782, 4.826687705833699, 4.506255776139487, 4.984597322377681, 4.813164254882253, 4.828357129631222, 4.603351430123609, 4.518287711625541, 4.741847103180099, 4.562845141752371, 4.4639230942221]","[5.075977800205028, 5.033564512193057, 5.009289035202701, 5.007207363934828, 4.731424415297363, 4.974161039033649, 4.391747552388447, 4.741847103180099, 4.656631252835934, 4.593957592643782, 4.826687705833699, 4.8870039631981825, 4.883516637371983, 4.880237038634111, 4.828357129631222, 4.848276186575113, 4.847449825348724, 4.741847103180099, 4.837511317698851, 4.828357129631222]",4.098280841891596,35.18831467628479,200,30,20,20
"[5.272893976439007, 5.2685904669912285, 5.260105612093001, 5.2531920250320105, 5.243224849082707, 5.235176929774505, 5.226027736475127, 5.211842792878428, 5.197472866504331, 5.18806735521974, 5.171541851055107, 5.160847538126419, 5.151962215145494, 5.150483925448792, 5.147728977709272, 5.14208191912794, 5.140985707892122, 5.136678256631679, 5.136556485493109, 5.135310626878406]","[4.771815940378806, 5.046899802218181, 4.957789802102418, 4.726887843230025, 4.8951958767404005, 4.987157028390461, 5.064001403172847, 5.087677680651937, 4.966250971621971, 4.938061016247273, 4.760320581452017, 4.879866953463809, 4.776393339232078, 4.957789802102418, 4.756655951067776, 5.14208191912794, 4.845451178663254, 5.088458598071978, 4.869730071183642, 4.865263938491794]","[5.272893976439007, 5.046899802218181, 4.957789802102418, 4.726887843230025, 5.243224849082707, 4.987157028390461, 5.064001403172847, 5.211842792878428, 4.966250971621971, 5.18806735521974, 5.171541851055107, 5.160847538126419, 5.151962215145494, 5.150483925448792, 4.756655951067776, 5.14208191912794, 4.845451178663254, 5.136678256631679, 5.136556485493109, 4.865263938491794]",4.60311717693417,35.299222230911255,200,30,20,20
"[5.728126271529968, 5.67803172850545, 5.648809453439327, 5.6258014342525575, 5.623368714610218, 5.602512987652932, 5.59886640253363, 5.590030314873579, 5.5846753433091205, 5.573527543045324, 5.570392773298152, 5.55105250673813, 5.551002036134944, 5.546609506333118, 5.542424461700573, 5.540665334501137, 5.5349500277808446, 5.532641926243572, 5.524362972464536, 5.517899166259295]","[5.261762132768496, 5.363532491516501, 5.623368714610218, 5.334076604098059, 4.967804522362618, 5.308599883176579, 5.120290740609467, 5.45814815978031, 5.211232567717296, 5.302034623526004, 5.29175995357042, 5.034453591972239, 5.389514257010069, 5.469920633338268, 5.210095031881798, 5.5846753433091205, 5.240486122910963, 5.466887881835796, 5.308924959499404, 5.371631536836902]","[5.261762132768496, 5.67803172850545, 5.623368714610218, 5.6258014342525575, 4.967804522362618, 5.308599883176579, 5.120290740609467, 5.45814815978031, 5.211232567717296, 5.573527543045324, 5.29175995357042, 5.034453591972239, 5.389514257010069, 5.469920633338268, 5.542424461700573, 5.5846753433091205, 5.240486122910963, 5.532641926243572, 5.524362972464536, 5.517899166259295]",4.961074743038949,35.34417152404785,200,30,20,20
"[5.573141575695948, 5.555695915573115, 5.552574317794897, 5.525950702590836, 5.515423536060345, 5.5125006334717614, 5.505368108682113, 5.498305712136426, 5.490634634569791, 5.490120482855285, 5.486718710810455, 5.474347822520471, 5.4644880710082715, 5.463666328507934, 5.447622678274485, 5.425302721793483, 5.420906750440306, 5.420876707060435, 5.419786942840649, 5.415886829156464]","[5.123379734897272, 4.954495382857655, 5.291735109859032, 5.131679452717292, 5.38496347620635, 5.267562405791411, 5.115368007121375, 4.931785281675714, 5.163657391851685, 5.420876707060435, 5.3571796960668685, 5.332646718059982, 4.92431079087072, 5.245558102415537, 5.230437184146056, 5.129846555748183, 5.383253596843167, 5.05062260850279, 5.267562405791411, 5.007392527163716]","[5.573141575695948, 4.954495382857655, 5.552574317794897, 5.131679452717292, 5.515423536060345, 5.267562405791411, 5.115368007121375, 4.931785281675714, 5.490634634569791, 5.420876707060435, 5.3571796960668685, 5.332646718059982, 4.92431079087072, 5.245558102415537, 5.447622678274485, 5.129846555748183, 5.383253596843167, 5.05062260850279, 5.419786942840649, 5.007392527163716]",4.814536252124504,35.37767839431763,200,30,20,20
"[4.90479963207245, 4.867557266930246, 4.847245372676575, 4.764329766500565, 4.760229188032898, 4.728902651443213, 4.728135350199268, 4.718046729916606, 4.696731231635379, 4.688083049685788, 4.669162218747758, 4.6593168849903295, 4.658460478603222, 4.657112485101157, 4.654854593881945, 4.640653529879142, 4.630564289755495, 4.619892040119578, 4.619015795164369, 4.6160915723297515]","[4.515842201683409, 4.552476218008321, 4.202441051926969, 4.567076759256365, 4.500871937216115, 4.2406397161783635, 4.402081302683669, 4.539835498986005, 4.477295080172758, 4.291344028519984, 4.258081591318156, 4.595395237767826, 4.552990141685641, 4.58276479901396, 4.144976045910912, 4.527338072066304, 4.728135350199268, 4.22406299278429, 4.341755228887744, 4.334983862220692]","[4.90479963207245, 4.867557266930246, 4.202441051926969, 4.567076759256365, 4.760229188032898, 4.728902651443213, 4.402081302683669, 4.539835498986005, 4.477295080172758, 4.291344028519984, 4.669162218747758, 4.6593168849903295, 4.552990141685641, 4.657112485101157, 4.144976045910912, 4.640653529879142, 4.728135350199268, 4.619892040119578, 4.619015795164369, 4.334983862220692]",4.084271289342145,35.3441686630249,200,30,20,20
"[5.5598007971513, 5.50856825914153, 5.4696567542399395, 5.4593432869116985, 5.423132613626782, 5.423072903305032, 5.415249102585053, 5.387868131215029, 5.377740697892202, 5.370548791827626, 5.370129587228954, 5.3464783705903125, 5.33604744472326, 5.333657951137386, 5.333647081679338, 5.321060978841224, 5.320400614657204, 5.319355901744278, 5.319057873692923, 5.316086883472517]","[5.173722348450717, 4.778969999282723, 5.076551126761138, 5.296383294225365, 5.053491309054574, 4.932569241803996, 5.117977210288075, 4.781275823080052, 5.154334262182917, 5.5598007971513, 5.218386718249317, 4.761979604293047, 5.113027928940783, 5.300010604708645, 4.874622864258536, 5.092193665758518, 4.958898625259771, 5.370129587228954, 5.28514149196085, 5.274933031846085]","[5.5598007971513, 5.50856825914153, 5.076551126761138, 5.4593432869116985, 5.053491309054574, 4.932569241803996, 5.117977210288075, 4.781275823080052, 5.377740697892202, 5.370548791827626, 5.370129587228954, 5.3464783705903125, 5.113027928940783, 5.333657951137386, 4.874622864258536, 5.092193665758518, 4.958898625259771, 5.370129587228954, 5.28514149196085, 5.316086883472517]",4.5583153935169545,35.98114371299744,200,30,20,20
"[5.275997637888918, 5.25588520965046, 5.24381154757094, 5.220840714765087, 5.216351411372833, 5.214057887856773, 5.206423531525218, 5.204841113078259, 5.195164419677413, 5.195088821818078, 5.186484321563408, 5.185163527386187, 5.1654032041833435, 5.156123683301381, 5.148936293402783, 5.1484295183490385, 5.139251086197534, 5.13192143875992, 5.128747150804209, 5.127829051864715]","[4.62185901553314, 5.080833036956528, 4.820689657431007, 4.62185901553314, 4.791049069219478, 4.897054284418946, 5.042917787723465, 4.8492737972935585, 5.064342381298535, 4.734765855266169, 4.880023781249175, 5.033750964191159, 5.114400706326048, 4.76844584160303, 5.003589602934509, 5.206423531525218, 4.847662365452522, 4.708685280228346, 4.874466264761283, 5.041320377253259]","[5.275997637888918, 5.25588520965046, 4.820689657431007, 5.220840714765087, 5.216351411372833, 5.214057887856773, 5.042917787723465, 5.204841113078259, 5.195164419677413, 4.734765855266169, 4.880023781249175, 5.185163527386187, 5.1654032041833435, 5.156123683301381, 5.003589602934509, 5.1484295183490385, 4.847662365452522, 5.13192143875992, 4.874466264761283, 5.041320377253259]",4.573316350115071,35.656017780303955,200,30,20,20
"[4.994844126812597, 4.963579638405437, 4.95795168752944, 4.9340617709322565, 4.920903580408674, 4.890753906564458, 4.89048745897432, 4.8896946304159865, 4.886809727847382, 4.877133344001454, 4.864495619858548, 4.860203955593434, 4.844730344662928, 4.837123911683881, 4.8337902515276605, 4.823570243921954, 4.8210417632351446, 4.815695968544268, 4.8102589595781176, 4.803259120352583]","[4.886809727847382, 4.484497256322769, 4.886809727847382, 4.582925281240176, 4.644373370903128, 4.687364071253327, 4.414126153778602, 4.595977964002518, 4.531085868714932, 4.619996786718134, 4.760881320757592, 4.644373370903128, 4.730286961206861, 4.53372840010979, 4.994844126812597, 4.860203955593434, 4.736329611839438, 4.675462721596539, 4.481703315157324, 4.890753906564458]","[4.886809727847382, 4.484497256322769, 4.886809727847382, 4.582925281240176, 4.644373370903128, 4.687364071253327, 4.414126153778602, 4.595977964002518, 4.886809727847382, 4.619996786718134, 4.760881320757592, 4.644373370903128, 4.730286961206861, 4.53372840010979, 4.994844126812597, 4.860203955593434, 4.8210417632351446, 4.815695968544268, 4.481703315157324, 4.803259120352583]",4.308301997331556,35.5766978263855,200,30,20,20
"[5.742928986352398, 5.703318319680779, 5.655686182081514, 5.64359652036864, 5.6402112797608766, 5.633707648134997, 5.63068043587311, 5.62535533255809, 5.610793749582801, 5.604406038399161, 5.59794903291733, 5.597732426626882, 5.5945614753814885, 5.594008998465801, 5.592260057775746, 5.557038605949039, 5.554957258663962, 5.544249268834357, 5.536996396340535, 5.533659898608888]","[5.4296385607005995, 5.342189005612381, 5.105274748009041, 5.398795094921158, 5.1746082945235115, 5.326930533473728, 5.311715120054914, 5.344198797175568, 5.390940889863653, 5.502699390481228, 5.20589869143645, 5.393581960775008, 5.4794097222725595, 5.421411191753823, 5.0619651385766105, 5.434742386861282, 5.117855256854075, 5.192816459072826, 5.312524414538264, 5.3186192889797805]","[5.742928986352398, 5.342189005612381, 5.105274748009041, 5.398795094921158, 5.6402112797608766, 5.326930533473728, 5.63068043587311, 5.62535533255809, 5.390940889863653, 5.604406038399161, 5.59794903291733, 5.597732426626882, 5.5945614753814885, 5.594008998465801, 5.592260057775746, 5.557038605949039, 5.117855256854075, 5.192816459072826, 5.312524414538264, 5.3186192889797805]",4.924709406100329,35.388911724090576,200,30,20,20
"[4.6716203769305595, 4.6422997752242114, 4.641904792957918, 4.63786907420606, 4.635346934148575, 4.624548137330516, 4.618339262406493, 4.581064386248531, 4.573519854814343, 4.569085790143111, 4.550953698683374, 4.548322045784877, 4.547873483122647, 4.546269491059658, 4.54277040484282, 4.539193183301768, 4.538423033618064, 4.5319826035037725, 4.531905977585085, 4.530544187690696]","[4.148187455654631, 4.299652370900258, 4.401421252637692, 4.418641673404166, 4.299652370900258, 4.28615413119969, 4.531905977585085, 4.307403010375029, 4.223882030682049, 4.2609217414443465, 4.624548137330516, 4.480545726696725, 4.290142884321586, 4.195690147402421, 4.306285265639926, 3.978515765380674, 4.1563591284424755, 4.2716614980690055, 4.439050560459766, 4.130364125774497]","[4.148187455654631, 4.6422997752242114, 4.401421252637692, 4.63786907420606, 4.299652370900258, 4.624548137330516, 4.531905977585085, 4.307403010375029, 4.573519854814343, 4.569085790143111, 4.550953698683374, 4.548322045784877, 4.290142884321586, 4.195690147402421, 4.54277040484282, 4.539193183301768, 4.1563591284424755, 4.2716614980690055, 4.531905977585085, 4.530544187690696]",3.800501961849,35.26382040977478,200,30,20,20
"[4.864136850709805, 4.857145390005369, 4.830275030807259, 4.828374823314018, 4.810203714300617, 4.798958678935566, 4.783585003930148, 4.778604660766983, 4.777425413335173, 4.766839985211798, 4.766305776307814, 4.7637584983105095, 4.752405667234828, 4.751879579561012, 4.750852808503568, 4.733680544435287, 4.732853619563041, 4.718722224118771, 4.717774133121127, 4.711728499097545]","[4.564387157249353, 4.550294837476674, 4.777425413335173, 4.429272823926582, 4.733680544435287, 4.275091370434605, 4.298829991348074, 4.622854547212372, 4.443475446614458, 4.644882695115775, 4.5846970629688215, 4.538393426022577, 4.447868338217766, 4.4324488033174765, 4.857145390005369, 4.376156960451925, 4.644882695115775, 4.310691267781886, 4.424507105281455, 4.540767488196914]","[4.564387157249353, 4.857145390005369, 4.777425413335173, 4.429272823926582, 4.733680544435287, 4.798958678935566, 4.783585003930148, 4.622854547212372, 4.777425413335173, 4.766839985211798, 4.766305776307814, 4.538393426022577, 4.447868338217766, 4.751879579561012, 4.750852808503568, 4.376156960451925, 4.644882695115775, 4.310691267781886, 4.424507105281455, 4.540767488196914]",4.175185738808963,35.37534999847412,200,30,20,20
"[5.700906472984909, 5.636051556539114, 5.613456786718855, 5.586285936936766, 5.580974610221235, 5.528810613358934, 5.52685272761491, 5.513851474646352, 5.508030969840953, 5.502307667862949, 5.49885629190134, 5.4958143523268586, 5.489970459879527, 5.486927196474552, 5.481810875132695, 5.47895270020288, 5.4771790667636475, 5.473363935245818, 5.4731387116423615, 5.472406510206137]","[5.039638576476333, 5.09072837554423, 5.350406750435653, 5.245085851071197, 5.256640412767537, 5.357435475931483, 5.454330951732207, 5.39395920679722, 5.4731387116423615, 4.881066971809516, 5.16914885021143, 5.175250975564625, 5.417015549310438, 5.444834053064341, 5.119126621186497, 5.231621976538222, 5.033784424386173, 4.64190053796643, 4.936304673042115, 5.149002104663177]","[5.039638576476333, 5.09072837554423, 5.350406750435653, 5.586285936936766, 5.580974610221235, 5.357435475931483, 5.454330951732207, 5.513851474646352, 5.4731387116423615, 4.881066971809516, 5.16914885021143, 5.4958143523268586, 5.489970459879527, 5.486927196474552, 5.481810875132695, 5.47895270020288, 5.033784424386173, 4.64190053796643, 4.936304673042115, 5.149002104663177]",4.64190053796643,35.33954882621765,200,30,20,20
"[5.651018706420329, 5.616477419164568, 5.601359318135726, 5.596629725372786, 5.549214811219768, 5.5315117062551415, 5.520550488617175, 5.502827343594732, 5.502014270305834, 5.4957232829808085, 5.478663861822611, 5.472560864499953, 5.471250492369825, 5.470131474484526, 5.459882569059066, 5.457668885896918, 5.453133655570064, 5.44743182060707, 5.431761070288594, 5.429378527743005]","[5.277526564695213, 5.026484628465926, 5.290624840234289, 5.3465026833037985, 5.207560378446125, 5.258028555246338, 4.993153649604084, 5.089964727719506, 5.203166315596227, 5.414142055444673, 5.003553106051323, 4.947121440920605, 5.252467326134558, 5.422030379275243, 5.066114437346255, 5.130758974716511, 4.990930711481721, 5.261335431441167, 5.478663861822611, 5.265896524646052]","[5.651018706420329, 5.026484628465926, 5.601359318135726, 5.3465026833037985, 5.549214811219768, 5.5315117062551415, 4.993153649604084, 5.089964727719506, 5.203166315596227, 5.414142055444673, 5.478663861822611, 4.947121440920605, 5.252467326134558, 5.470131474484526, 5.066114437346255, 5.130758974716511, 4.990930711481721, 5.44743182060707, 5.478663861822611, 5.429378527743005]",4.643356406829335,35.49843955039978,200,30,20,20
"[4.905308219902976, 4.86940286549007, 4.868467619429956, 4.861475385578267, 4.851294174934127, 4.849365570288107, 4.817550604004815, 4.809528769205404, 4.801268120999479, 4.7958813293951925, 4.792844197746377, 4.789295942162573, 4.783706523122886, 4.781329725025286, 4.770766517416563, 4.769897178859725, 4.768720032172612, 4.763317627990428, 4.758845140374912, 4.735738131278445]","[4.50783589967998, 4.763317627990428, 4.861475385578267, 4.43600631261014, 4.7294378778896835, 4.368701235444767, 4.789295942162573, 4.301103604980884, 4.700100716008174, 4.817550604004815, 4.758845140374912, 4.453249545608156, 4.679345469468703, 4.309994961007363, 4.44911267006538, 4.861475385578267, 4.467974119197026, 4.532897870870572, 4.657281201153407, 4.849365570288107]","[4.50783589967998, 4.763317627990428, 4.868467619429956, 4.43600631261014, 4.851294174934127, 4.849365570288107, 4.789295942162573, 4.301103604980884, 4.700100716008174, 4.7958813293951925, 4.758845140374912, 4.453249545608156, 4.679345469468703, 4.309994961007363, 4.770766517416563, 4.769897178859725, 4.467974119197026, 4.532897870870572, 4.657281201153407, 4.849365570288107]",4.046034556000525,35.42855381965637,200,30,20,20
"[5.79949159586147, 5.783575058127798, 5.772127156852658, 5.760658922298961, 5.725535626689241, 5.703610245287371, 5.700364765903863, 5.696308805634657, 5.695947142433905, 5.689757322219462, 5.6744119652947935, 5.664821693621416, 5.661627615065838, 5.659885235548598, 5.658484912146555, 5.639632591990678, 5.637175771674874, 5.635271594981542, 5.631203137788909, 5.631098508146986]","[5.406150292715563, 5.584216097436353, 5.599048368786712, 5.272958895296894, 5.695947142433905, 5.50190851310734, 5.423883104862176, 5.41931574877784, 5.457630491496551, 5.480243508821281, 5.436155816771986, 5.205938210096265, 5.49354130598507, 5.538627238535365, 5.306793236860675, 5.488605663000884, 5.3642985446393645, 5.351162852106834, 5.6744119652947935, 5.351162852106834]","[5.406150292715563, 5.783575058127798, 5.772127156852658, 5.760658922298961, 5.695947142433905, 5.50190851310734, 5.700364765903863, 5.696308805634657, 5.457630491496551, 5.689757322219462, 5.436155816771986, 5.205938210096265, 5.661627615065838, 5.538627238535365, 5.306793236860675, 5.639632591990678, 5.3642985446393645, 5.351162852106834, 5.631203137788909, 5.351162852106834]",5.051000843800566,35.220993518829346,200,30,20,20
"[6.027741625414078, 6.020634467637718, 6.0163913263394795, 5.974365818898375, 5.956748687706048, 5.944747617801905, 5.939791008881883, 5.919027491184454, 5.918721192325876, 5.910059385919704, 5.905197037901127, 5.9036518432412395, 5.8905395043824536, 5.8816019680892735, 5.881054344996791, 5.875543568950462, 5.8704496816414595, 5.870120999127604, 5.866361057018665, 5.866113087716575]","[5.456854567900331, 5.458879088471319, 5.837546016332029, 5.38341917021044, 5.581828105996837, 5.777750738189087, 5.7186306989256765, 5.695401764324641, 5.352340460377864, 5.540854946983177, 5.841974510134698, 5.474872536192511, 5.5771785494731, 5.604837219811165, 5.540854946983177, 5.835862403848305, 5.328028499406478, 5.576679145558231, 5.64364852865445, 5.5052840199730895]","[5.456854567900331, 6.020634467637718, 6.0163913263394795, 5.38341917021044, 5.581828105996837, 5.944747617801905, 5.939791008881883, 5.695401764324641, 5.918721192325876, 5.910059385919704, 5.841974510134698, 5.9036518432412395, 5.8905395043824536, 5.604837219811165, 5.540854946983177, 5.835862403848305, 5.328028499406478, 5.870120999127604, 5.866361057018665, 5.5052840199730895]",5.2380508148822935,35.399794578552246,200,30,20,20
"[5.915894235155522, 5.884541697640989, 5.82093468910802, 5.818673101984062, 5.806608801694234, 5.798659710534938, 5.795194030156531, 5.780873588439222, 5.779920064859749, 5.770783295006702, 5.770626310183273, 5.7695499707373505, 5.759858097557721, 5.757546184048985, 5.7554781747001815, 5.748614116450775, 5.74856426822134, 5.746914075945164, 5.746324903835761, 5.740301107164585]","[5.466874939933005, 5.549978652727457, 5.394154042993928, 5.549153889260655, 5.596454919276266, 5.442596754526152, 5.39017449006423, 5.634699041494711, 5.733015861600461, 5.586060278679096, 5.521332784926602, 5.388355971046791, 5.61090212442172, 5.666819116723326, 5.5318131154880295, 5.705668843127059, 5.243319745132513, 5.514956989300635, 5.42488080965753, 5.587697171678357]","[5.466874939933005, 5.549978652727457, 5.394154042993928, 5.549153889260655, 5.806608801694234, 5.798659710534938, 5.39017449006423, 5.634699041494711, 5.733015861600461, 5.770783295006702, 5.521332784926602, 5.388355971046791, 5.759858097557721, 5.666819116723326, 5.7554781747001815, 5.748614116450775, 5.243319745132513, 5.514956989300635, 5.42488080965753, 5.587697171678357]",5.125637835793432,35.313575744628906,200,30,20,20
"[5.5805084677578005, 5.524737941423768, 5.519603026791759, 5.46798637829226, 5.404043803879384, 5.402888858978555, 5.394153006616778, 5.390601020693444, 5.384960646777384, 5.384669474420212, 5.360610983244404, 5.358989568055115, 5.354430438364722, 5.346179455883826, 5.340209371075434, 5.339990294737018, 5.339791925155672, 5.334998439528985, 5.334034841440976, 5.332050857334497]","[5.0587257580326295, 5.058252443357586, 5.276137974840789, 5.008277897936269, 5.076567277638042, 5.071036590225729, 5.245137760081492, 5.354430438364722, 5.0970597688533354, 5.127959624581198, 5.128263282557747, 5.022338250046177, 4.751493975132033, 4.772021824313126, 5.328174203504261, 5.051561138035455, 4.91189269187126, 5.26701376006449, 5.080710672800037, 5.191908162359802]","[5.0587257580326295, 5.058252443357586, 5.519603026791759, 5.008277897936269, 5.076567277638042, 5.402888858978555, 5.245137760081492, 5.390601020693444, 5.0970597688533354, 5.384669474420212, 5.360610983244404, 5.358989568055115, 5.354430438364722, 4.772021824313126, 5.340209371075434, 5.339990294737018, 4.91189269187126, 5.334998439528985, 5.080710672800037, 5.332050857334497]",4.585057993061785,35.464481592178345,200,30,20,20
"[5.186929366631569, 5.1414469878228735, 5.129266454349424, 5.075555857754496, 5.0627386691778415, 5.061705696729639, 5.05549684996381, 5.04945123532929, 5.0431561465080055, 5.039696987031161, 5.016717056661448, 5.0055565817034715, 4.991010553650029, 4.990701180054204, 4.988928396279823, 4.988351996786108, 4.982091006868512, 4.979524210415292, 4.974323990548921, 4.971269363383745]","[4.70986940361212, 4.6479512909215055, 5.129266454349424, 4.932619925379688, 4.823927753303828, 4.8947504168294245, 4.688704405252085, 4.932528932642068, 4.5342728734458735, 4.800410638874493, 4.982091006868512, 4.861481058942034, 4.960365293077942, 4.8324486690150295, 4.853250581124873, 4.687990983680021, 4.763930730877155, 4.804532349139655, 4.566323456638703, 4.756810553304311]","[4.70986940361212, 5.1414469878228735, 5.129266454349424, 5.075555857754496, 5.0627386691778415, 4.8947504168294245, 5.05549684996381, 5.04945123532929, 5.0431561465080055, 4.800410638874493, 5.016717056661448, 5.0055565817034715, 4.991010553650029, 4.8324486690150295, 4.988928396279823, 4.687990983680021, 4.982091006868512, 4.979524210415292, 4.566323456638703, 4.971269363383745]",4.362442055505922,35.406344175338745,200,30,20,20
"[5.567491333788681, 5.431878400496844, 5.389905207498364, 5.348130863910418, 5.320694848622159, 5.3115870725703545, 5.2982728880377765, 5.296751493006625, 5.28338122555247, 5.2799002435002365, 5.278062055337077, 5.277843529697957, 5.2726071759568205, 5.265195340189454, 5.261695996313304, 5.255877146511324, 5.245125274619944, 5.2415479327284356, 5.241502444215145, 5.239191705385834]","[4.967975678369548, 4.881775368659141, 5.07234819886273, 5.2726071759568205, 5.099952893175899, 5.2415479327284356, 4.790120666428355, 5.016606117070763, 5.050185014142044, 5.129316116229896, 5.179008882024755, 4.9188335652005994, 5.164556554060692, 5.105204776457155, 5.101596264183566, 5.090704984559011, 5.105204776457155, 5.197773309260278, 5.236446218485207, 5.139488375835739]","[5.567491333788681, 4.881775368659141, 5.07234819886273, 5.2726071759568205, 5.320694848622159, 5.3115870725703545, 5.2982728880377765, 5.016606117070763, 5.050185014142044, 5.2799002435002365, 5.179008882024755, 4.9188335652005994, 5.2726071759568205, 5.105204776457155, 5.101596264183566, 5.255877146511324, 5.105204776457155, 5.2415479327284356, 5.241502444215145, 5.239191705385834]",4.716902708267069,35.57661843299866,200,30,20,20
"[5.309702735855681, 5.274276356943477, 5.270891676043366, 5.269054810526785, 5.239005362751976, 5.221204910219156, 5.204913562353522, 5.204349860257988, 5.193844119805723, 5.191925120890839, 5.177164762364874, 5.171476833633603, 5.17093097706304, 5.169814233442474, 5.169674604407204, 5.161084782758002, 5.151115622592343, 5.150698798431375, 5.149165847284258, 5.136263880511902]","[5.087979322984723, 5.012451095042851, 4.81958833243254, 4.8479297047774415, 4.598997516241833, 4.955258736256953, 4.803189801942724, 4.955258736256953, 4.860197312885135, 5.136263880511902, 4.886505254398028, 4.989575823850966, 4.88201718374906, 5.069498857311854, 5.00034136950147, 4.644722350578489, 4.841456755167682, 4.825223209884633, 4.817478775502391, 4.936991180565132]","[5.309702735855681, 5.012451095042851, 5.270891676043366, 5.269054810526785, 4.598997516241833, 4.955258736256953, 4.803189801942724, 5.204349860257988, 5.193844119805723, 5.136263880511902, 5.177164762364874, 5.171476833633603, 5.17093097706304, 5.169814233442474, 5.00034136950147, 4.644722350578489, 4.841456755167682, 5.150698798431375, 5.149165847284258, 4.936991180565132]",4.469552630443858,36.48187518119812,200,50,20,20
"[5.6666519089011125, 5.585350862201656, 5.582924098692911, 5.5387669664927275, 5.538644708893735, 5.509340148806002, 5.5089003865585955, 5.508049085743275, 5.505020912709867, 5.471920718103026, 5.468637399725375, 5.4620450174128194, 5.459850832891429, 5.453489633725772, 5.452785601494542, 5.452229396123469, 5.447206268300648, 5.446484792267533, 5.441895313132752, 5.438517902615925]","[5.393259214687464, 5.067871733460346, 5.076199000477394, 5.138735850239986, 5.400682653769999, 5.538644708893735, 5.043991243034039, 5.16470915717426, 5.163826418065648, 4.873382919675362, 5.10388515488266, 5.323660223270353, 5.192573129583827, 5.31228194490087, 5.123391128467168, 5.379214351655487, 5.459850832891429, 5.3810200264593195, 5.234605465096829, 5.129405667753257]","[5.6666519089011125, 5.067871733460346, 5.076199000477394, 5.138735850239986, 5.538644708893735, 5.538644708893735, 5.5089003865585955, 5.508049085743275, 5.505020912709867, 5.471920718103026, 5.468637399725375, 5.4620450174128194, 5.459850832891429, 5.453489633725772, 5.123391128467168, 5.452229396123469, 5.459850832891429, 5.446484792267533, 5.441895313132752, 5.438517902615925]",4.758920991503346,36.83063411712647,200,50,20,20
"[4.920379090011858, 4.880656704370085, 4.870363170773969, 4.863330892090861, 4.857500795525655, 4.810297861583311, 4.786112639776494, 4.781143050599036, 4.780426977350037, 4.7734521419396865, 4.77177273756324, 4.771268539732571, 4.765440703050882, 4.763573444878029, 4.762191146671767, 4.761085454561279, 4.759742006384315, 4.756025586080944, 4.750657694635674, 4.750018616316714]","[4.626326154129716, 4.278473103039878, 4.750018616316714, 4.486033055709307, 4.488732933263295, 4.568883859793648, 4.367520546524772, 4.47643045431718, 4.7734521419396865, 4.261108260528192, 4.350416654077887, 4.695772719773642, 4.498442388285368, 4.632035744426266, 4.678527641519097, 4.491692541387865, 4.478775845627125, 4.584042819160145, 4.530444486609832, 4.353744151746301]","[4.626326154129716, 4.880656704370085, 4.870363170773969, 4.486033055709307, 4.857500795525655, 4.810297861583311, 4.367520546524772, 4.47643045431718, 4.780426977350037, 4.261108260528192, 4.77177273756324, 4.695772719773642, 4.765440703050882, 4.632035744426266, 4.762191146671767, 4.761085454561279, 4.478775845627125, 4.756025586080944, 4.530444486609832, 4.353744151746301]",4.187797627874092,36.29280066490173,200,50,20,20
"[5.80489114988022, 5.8030840287427665, 5.740832947537701, 5.736584853472166, 5.734787995099562, 5.714928517807823, 5.714097439457956, 5.691501733050316, 5.688480894583492, 5.682218086583077, 5.679202513043568, 5.670783167931112, 5.66765815091869, 5.666783301977648, 5.6664485679481125, 5.665997198424358, 5.6653395706475065, 5.665028773402019, 5.661961028645033, 5.6553496077723135]","[5.291991448091767, 5.2901533719957765, 5.5847340085858574, 5.619490057815948, 5.575308701351173, 5.573894482763276, 5.340760448449719, 5.334093637760549, 5.240449310950319, 5.463294331500776, 5.56961647767652, 5.344912131261904, 5.6245911245906015, 5.56865830960542, 5.433199177967504, 5.302188272696182, 5.340760448449719, 5.401939281607489, 5.299584866060635, 5.4050290104973024]","[5.80489114988022, 5.2901533719957765, 5.740832947537701, 5.736584853472166, 5.575308701351173, 5.573894482763276, 5.714097439457956, 5.334093637760549, 5.240449310950319, 5.463294331500776, 5.56961647767652, 5.344912131261904, 5.6245911245906015, 5.56865830960542, 5.6664485679481125, 5.665997198424358, 5.340760448449719, 5.665028773402019, 5.661961028645033, 5.4050290104973024]",5.184393862360497,36.62453532218933,200,50,20,20
"[5.573452539202022, 5.423052044834053, 5.400410907856767, 5.391743611881859, 5.388234763953232, 5.376005983055408, 5.36746577124538, 5.3621167814791715, 5.345579449502718, 5.343126994395932, 5.327555566174532, 5.327081917303812, 5.326214802615526, 5.3209671858156655, 5.320287975936806, 5.318324028625963, 5.316184213783829, 5.314382798112116, 5.307601304876962, 5.298440054499057]","[5.0296075708250845, 5.1303336950820215, 5.423052044834053, 5.320287975936806, 5.09460549314218, 5.171280241711746, 5.076005594892694, 4.894016853941354, 4.947578864617558, 5.248371258838513, 5.132141527037231, 4.995385384288897, 5.099140449517595, 4.964176612502866, 5.144197771918521, 5.260844680739293, 5.103636647443407, 5.206006016892831, 5.184937787107159, 5.035520590018721]","[5.573452539202022, 5.1303336950820215, 5.423052044834053, 5.391743611881859, 5.09460549314218, 5.376005983055408, 5.076005594892694, 4.894016853941354, 4.947578864617558, 5.248371258838513, 5.132141527037231, 5.327081917303812, 5.326214802615526, 4.964176612502866, 5.320287975936806, 5.260844680739293, 5.103636647443407, 5.206006016892831, 5.184937787107159, 5.298440054499057]",4.684155090532256,36.22305989265442,200,50,20,20
"[5.440738285969253, 5.408341837851503, 5.405589407993407, 5.378124473420687, 5.377569626849887, 5.369019004489268, 5.366697812004197, 5.355465245805202, 5.354316802728907, 5.352517821651328, 5.327501302540206, 5.327423900069256, 5.325909753865606, 5.320625921538056, 5.309065433731239, 5.308456582732719, 5.3061924689955475, 5.305484038206188, 5.304673275789502, 5.297295835053746]","[5.010887114459842, 5.377569626849887, 4.911734101035231, 5.186002798422404, 5.031719848129018, 4.92848369679316, 5.01424001648203, 5.11053351748538, 4.998314012295889, 5.18871411605992, 5.215257908829676, 5.049447952935205, 5.138415102154779, 5.045265018180245, 4.9428839038456065, 5.022605774381451, 4.996828993056713, 5.1832189350581634, 5.096288014164655, 4.904520150944145]","[5.010887114459842, 5.408341837851503, 4.911734101035231, 5.378124473420687, 5.377569626849887, 4.92848369679316, 5.01424001648203, 5.355465245805202, 4.998314012295889, 5.18871411605992, 5.215257908829676, 5.327423900069256, 5.138415102154779, 5.320625921538056, 5.309065433731239, 5.022605774381451, 5.3061924689955475, 5.305484038206188, 5.304673275789502, 4.904520150944145]",4.706116974641796,36.36882257461548,200,50,20,20
"[5.438210202526439, 5.391661970826971, 5.378107221066032, 5.3465749098568045, 5.343267109134563, 5.328156848627259, 5.325183646977618, 5.317833199125994, 5.314877966794855, 5.3072818112798466, 5.306250735598393, 5.301271377690992, 5.298070987667597, 5.291448356993696, 5.280171107463064, 5.2713872057228786, 5.270076075801839, 5.265951023074448, 5.263406125827974, 5.263367140233644]","[5.052936148875609, 5.206210822291564, 4.9009397768989755, 5.065249847101497, 4.895325295685675, 5.091749082054847, 4.976855579450389, 5.008956927276437, 5.280171107463064, 4.978215061243272, 5.298070987667597, 4.97208973300375, 4.868745546258526, 5.035746655312231, 5.124146408627544, 4.98277397636981, 5.17015195132831, 5.063639043909239, 4.928058058668954, 5.137620301707024]","[5.052936148875609, 5.206210822291564, 4.9009397768989755, 5.065249847101497, 4.895325295685675, 5.091749082054847, 5.325183646977618, 5.317833199125994, 5.280171107463064, 4.978215061243272, 5.306250735598393, 4.97208973300375, 4.868745546258526, 5.291448356993696, 5.280171107463064, 5.2713872057228786, 5.270076075801839, 5.063639043909239, 4.928058058668954, 5.137620301707024]",4.713723441971302,36.47833561897278,200,50,20,20
"[5.2549916577605, 5.211721332098544, 5.201624605843864, 5.173981331819515, 5.1719010490908195, 5.1582936962055985, 5.143551184138899, 5.1116559848844725, 5.10561150450811, 5.098137050515505, 5.096003184126879, 5.094985486295177, 5.093228228746782, 5.09009315523449, 5.083381271827555, 5.081834717526996, 5.077086659099461, 5.076185211571485, 5.075605519723756, 5.072204256887771]","[4.943003928965593, 4.818233352315518, 4.866827214303362, 4.786545492853846, 4.841967508833284, 4.860564314545661, 4.794064151316777, 5.031208835283823, 4.946115679803025, 5.081834717526996, 5.173981331819515, 5.094985486295177, 5.143551184138899, 4.861911591572825, 4.680874117378421, 4.937717068712004, 4.824993031046968, 4.970180757842337, 4.953837287100463, 4.824993031046968]","[4.943003928965593, 4.818233352315518, 4.866827214303362, 4.786545492853846, 4.841967508833284, 5.1582936962055985, 4.794064151316777, 5.1116559848844725, 4.946115679803025, 5.081834717526996, 5.173981331819515, 5.094985486295177, 5.093228228746782, 5.09009315523449, 4.680874117378421, 5.081834717526996, 4.824993031046968, 4.970180757842337, 5.075605519723756, 5.072204256887771]",4.513066918513817,36.368194341659546,200,50,20,20
"[5.017075660677312, 4.953247207124478, 4.9511654110802725, 4.945427667391994, 4.892889975920143, 4.890535956962479, 4.883794626625868, 4.882090249743309, 4.8663431316084305, 4.8643370561333175, 4.855256205907369, 4.8550983779073835, 4.8490904548658476, 4.848541884240753, 4.8476315015494755, 4.845320867910428, 4.843693819902321, 4.841754757772153, 4.839989711204741, 4.839058822026854]","[4.591223900776452, 4.561647909229825, 4.696755936213069, 4.610291886262872, 4.486422484173097, 4.668852749254832, 4.484722516435075, 4.580107534339718, 4.568818750369753, 4.788837697488759, 4.67000121822066, 4.528545395193671, 4.755003507143702, 4.8476315015494755, 4.396389225947385, 4.696755936213069, 4.805895189928885, 4.4415929795251605, 4.62197361576272, 4.573524724889144]","[5.017075660677312, 4.953247207124478, 4.696755936213069, 4.945427667391994, 4.486422484173097, 4.668852749254832, 4.883794626625868, 4.580107534339718, 4.568818750369753, 4.8643370561333175, 4.855256205907369, 4.528545395193671, 4.755003507143702, 4.848541884240753, 4.396389225947385, 4.845320867910428, 4.843693819902321, 4.841754757772153, 4.839989711204741, 4.573524724889144]",4.335477209046625,37.03637409210205,200,50,20,20
"[5.612651913547717, 5.597989226231155, 5.585453601998218, 5.580844751111811, 5.56845800855758, 5.563053810244113, 5.555382452593885, 5.555353290319979, 5.555057480125781, 5.544372500827876, 5.541252911619366, 5.539063738874902, 5.516859309384927, 5.515255047254743, 5.512281046955881, 5.511023646269081, 5.50968666960561, 5.508395155210226, 5.505562394762091, 5.5042661478357005]","[5.555382452593885, 5.358699203790924, 5.139376509115614, 5.29898134855968, 4.9508415472884835, 5.285182771949055, 5.56845800855758, 5.213285875098962, 5.0849868702486996, 5.27401906359558, 5.416702384897595, 5.585453601998218, 5.319015864715813, 5.306956625992079, 5.114756706166705, 5.166049971147706, 5.245413777897226, 5.272553487696535, 5.28503518152406, 5.539063738874902]","[5.612651913547717, 5.597989226231155, 5.585453601998218, 5.29898134855968, 5.56845800855758, 5.563053810244113, 5.555382452593885, 5.555353290319979, 5.555057480125781, 5.27401906359558, 5.416702384897595, 5.539063738874902, 5.319015864715813, 5.306956625992079, 5.512281046955881, 5.511023646269081, 5.245413777897226, 5.272553487696535, 5.505562394762091, 5.539063738874902]",4.950841547288484,36.421215534210205,200,50,20,20
"[5.82933004355684, 5.82473383176407, 5.734616096676897, 5.7103503765174235, 5.709385909806003, 5.704398080794949, 5.6972544894778645, 5.69544728271886, 5.678667521294822, 5.6751135306011005, 5.659890015112499, 5.65386192105379, 5.65378508965524, 5.647124499248133, 5.646775535154663, 5.646378277093344, 5.643081771330625, 5.642900785807672, 5.642463269929224, 5.641948872000259]","[5.421504631479435, 5.296915315712542, 5.227164535098088, 5.594467687307453, 5.268249313851658, 5.231120439609075, 5.519957088295434, 5.367628957067933, 5.4107489936273625, 5.290246598659868, 5.333546055980112, 5.4461540021658355, 5.463409350244593, 5.476868579039883, 5.69544728271886, 5.415846434248871, 5.637902321754366, 5.463409350244593, 5.348867367240562, 5.504999289454939]","[5.421504631479435, 5.296915315712542, 5.227164535098088, 5.594467687307453, 5.709385909806003, 5.231120439609075, 5.519957088295434, 5.69544728271886, 5.4107489936273625, 5.290246598659868, 5.659890015112499, 5.65386192105379, 5.65378508965524, 5.476868579039883, 5.646775535154663, 5.415846434248871, 5.643081771330625, 5.463409350244593, 5.348867367240562, 5.641948872000259]",5.022552198060232,36.39716672897339,200,50,20,20
"[5.266656350197301, 5.221420836145632, 5.126236754302107, 5.123059645906769, 5.1121321647370825, 5.104469147564058, 5.095969146002923, 5.091267210631573, 5.088408456216922, 5.058775518244782, 5.047407449272874, 5.045608905349214, 5.035634177360901, 5.033551831698322, 5.0251149062381275, 5.024915702012654, 5.021347239347346, 5.014095337738083, 5.014077104961676, 5.010216725397505]","[4.652829050182428, 4.924305443955221, 5.1121321647370825, 4.8109810764156835, 4.91821860403819, 5.0000162518866516, 4.951398583766389, 4.902683604682334, 4.917591134382763, 4.593751392909708, 4.961561519046295, 4.746181870384568, 4.98733389812915, 4.806070550067986, 4.6279095770333685, 4.75106603743625, 4.765393021130815, 4.954875153517478, 4.797859852822014, 4.9331563125750275]","[5.266656350197301, 4.924305443955221, 5.126236754302107, 4.8109810764156835, 4.91821860403819, 5.0000162518866516, 4.951398583766389, 4.902683604682334, 4.917591134382763, 5.058775518244782, 4.961561519046295, 5.045608905349214, 4.98733389812915, 4.806070550067986, 4.6279095770333685, 5.024915702012654, 5.021347239347346, 4.954875153517478, 4.797859852822014, 5.010216725397505]",4.561880257019911,36.58593535423279,200,50,20,20
"[5.560076288365462, 5.559108691596932, 5.542729140320904, 5.533985905720899, 5.530744797704711, 5.5218044725847495, 5.515871984638527, 5.5125431780327805, 5.5121821350929645, 5.505673841065377, 5.490814614598917, 5.479761404385075, 5.477760482958975, 5.465891296302416, 5.461628011885141, 5.458384030762537, 5.454165901143061, 5.451603408876868, 5.442845849037509, 5.4326278548630285]","[5.247948032437813, 5.247459379799444, 5.340450629888019, 5.1555363232936, 5.1450583365490274, 5.015650279949319, 5.394055391164643, 5.015650279949319, 5.227975388407452, 5.380301833703162, 5.340450629888019, 5.35151774543966, 5.1063391290825155, 5.054803876017358, 5.122114274092708, 5.090739162510053, 5.225843434355308, 5.247459379799444, 5.505673841065377, 5.1263456174634]","[5.247948032437813, 5.247459379799444, 5.340450629888019, 5.1555363232936, 5.1450583365490274, 5.5218044725847495, 5.394055391164643, 5.5125431780327805, 5.5121821350929645, 5.380301833703162, 5.490814614598917, 5.479761404385075, 5.477760482958975, 5.054803876017358, 5.122114274092708, 5.090739162510053, 5.225843434355308, 5.451603408876868, 5.505673841065377, 5.1263456174634]",4.925818277074464,36.31655097007752,200,50,20,20
"[5.604405656710088, 5.5959929795662955, 5.507727623350951, 5.480129907179849, 5.460099094127474, 5.456742502007513, 5.4389755531918915, 5.435641396363642, 5.414887115389798, 5.412860093950612, 5.40295570696026, 5.401864257994033, 5.399230058470187, 5.398173078702255, 5.393130495291818, 5.392031110535979, 5.390143323045653, 5.388976332792059, 5.387488655890899, 5.379371282517888]","[5.180065219483705, 5.094140567580244, 5.297087307556442, 5.202157423237765, 4.822049171334687, 5.353174382406324, 5.304246195583685, 5.35957106971683, 5.037602245485545, 5.18156978185015, 5.222871355784236, 5.196170703111279, 5.221654012527372, 5.081908332863559, 5.190560609701867, 5.172644418794132, 5.201881058083582, 5.229333742167356, 5.199865213210146, 5.302087984224095]","[5.180065219483705, 5.5959929795662955, 5.507727623350951, 5.202157423237765, 4.822049171334687, 5.456742502007513, 5.304246195583685, 5.435641396363642, 5.414887115389798, 5.412860093950612, 5.222871355784236, 5.196170703111279, 5.399230058470187, 5.398173078702255, 5.393130495291818, 5.172644418794132, 5.390143323045653, 5.388976332792059, 5.199865213210146, 5.302087984224095]",4.822049171334687,36.39432334899902,200,50,20,20
"[5.813108468532288, 5.774983178464337, 5.73151792627962, 5.7074912307466565, 5.6762022514998405, 5.6602577550750155, 5.6510324991839385, 5.64937444561962, 5.643051212696587, 5.638430747481037, 5.63080930643224, 5.625436699772958, 5.622562977666564, 5.617163684509566, 5.615507841194143, 5.6050184581197655, 5.59979663608999, 5.599156975669929, 5.583459812223704, 5.580882445943786]","[5.638430747481037, 5.48914715405607, 5.497643568257843, 5.32673362309622, 5.40345095814412, 5.435551482780825, 5.399495841448102, 5.33653864302422, 5.638430747481037, 5.543596443710136, 5.813108468532288, 5.431663188345206, 5.49347529039631, 5.63080930643224, 5.489828793506211, 5.52351122110141, 5.4618593196969405, 5.580882445943786, 5.48914715405607, 5.270245387775049]","[5.813108468532288, 5.774983178464337, 5.73151792627962, 5.32673362309622, 5.6762022514998405, 5.6602577550750155, 5.399495841448102, 5.33653864302422, 5.643051212696587, 5.638430747481037, 5.813108468532288, 5.625436699772958, 5.622562977666564, 5.617163684509566, 5.615507841194143, 5.6050184581197655, 5.59979663608999, 5.580882445943786, 5.48914715405607, 5.580882445943786]",4.984095389776663,36.45422053337097,200,50,20,20
"[5.146208785172627, 5.053951948710385, 5.043487960598087, 5.04207812545669, 5.036929050808612, 5.0321685655325865, 5.024877810860114, 5.020291810819053, 5.007479333203435, 5.006438641863466, 4.994298795415582, 4.988803989727012, 4.988421231683043, 4.985803502920467, 4.984599801897617, 4.9822308109257385, 4.977947232398133, 4.972754129170927, 4.969120893798595, 4.9642368276669995]","[4.769253545959001, 4.597428998323235, 4.63222350191039, 4.834436198911496, 4.630866991193859, 4.706558872752063, 4.609326936137182, 4.824911028150444, 4.798522258003564, 4.703711537072848, 4.920907579536367, 4.6512929640661875, 4.630866991193859, 4.9360435672013665, 4.702023124483363, 4.9424311690853155, 4.711712261574565, 4.884743329987629, 5.024877810860114, 4.629287134578748]","[5.146208785172627, 4.597428998323235, 4.63222350191039, 5.04207812545669, 5.036929050808612, 4.706558872752063, 4.609326936137182, 5.020291810819053, 5.007479333203435, 4.703711537072848, 4.920907579536367, 4.6512929640661875, 4.988421231683043, 4.9360435672013665, 4.984599801897617, 4.9424311690853155, 4.977947232398133, 4.972754129170927, 4.969120893798595, 4.9642368276669995]",4.394231303104744,36.38299226760864,200,50,20,20
"[4.854873840344751, 4.84330670318731, 4.783529181415043, 4.764461919057425, 4.759639617592596, 4.7514830845756695, 4.73124373454579, 4.723934815123673, 4.717069295362067, 4.6941963883059525, 4.6931327070167335, 4.68909638657503, 4.686709601910756, 4.684597733294663, 4.681939531193063, 4.675072707814144, 4.6699234977950335, 4.666997381329365, 4.6631248302888, 4.656213545756645]","[4.558761795001811, 4.403364731592117, 4.461345322516429, 4.520933266122485, 4.7514830845756695, 4.288745283397815, 4.54210919131092, 4.403364731592117, 4.58014607962493, 4.378991139276554, 4.427410199459106, 4.73124373454579, 4.3464740861201765, 4.430031339976326, 4.558761795001811, 4.349277238380115, 4.542155237985379, 4.64264893008166, 4.621243657860174, 4.3749337808041675]","[4.558761795001811, 4.84330670318731, 4.783529181415043, 4.764461919057425, 4.7514830845756695, 4.7514830845756695, 4.73124373454579, 4.403364731592117, 4.717069295362067, 4.378991139276554, 4.427410199459106, 4.68909638657503, 4.686709601910756, 4.430031339976326, 4.558761795001811, 4.675072707814144, 4.6699234977950335, 4.666997381329365, 4.621243657860174, 4.3749337808041675]",4.1536953253355176,36.5259325504303,200,50,20,20
"[5.520262993445151, 5.408336228400302, 5.406753037384476, 5.368182033172922, 5.367066796272798, 5.364778713406984, 5.357024345647265, 5.3519790906738445, 5.34337801298792, 5.318842217240987, 5.3169986827455595, 5.313402147720937, 5.306085045695301, 5.299440101790824, 5.296910331833103, 5.28438521660533, 5.283754114421912, 5.281400743813131, 5.278940481948971, 5.278166741179098]","[4.950676796333576, 5.24889590081809, 5.157923442760194, 5.06383180599565, 5.063837336523459, 5.071543000818096, 5.24889590081809, 4.955484335449264, 5.520262993445151, 5.069665260516025, 5.191540094421246, 5.261527192410167, 5.021913382421839, 5.042466387915095, 5.2248134438994045, 5.187623766305199, 4.998673777319454, 5.147047971122344, 5.097592957162131, 5.1683535581276825]","[5.520262993445151, 5.408336228400302, 5.406753037384476, 5.368182033172922, 5.367066796272798, 5.364778713406984, 5.357024345647265, 4.955484335449264, 5.520262993445151, 5.318842217240987, 5.3169986827455595, 5.261527192410167, 5.306085045695301, 5.299440101790824, 5.2248134438994045, 5.28438521660533, 4.998673777319454, 5.147047971122344, 5.097592957162131, 5.278166741179098]",4.647425795595667,36.501282691955566,200,50,20,20
"[5.38735646598922, 5.306892895099777, 5.2900120801967905, 5.276200869771452, 5.276118364744608, 5.268066822814967, 5.256977593723005, 5.256334749150893, 5.255783360174245, 5.250886795559117, 5.245826981032461, 5.241646186935359, 5.224531496783096, 5.223546315346684, 5.222843741580521, 5.217364432737506, 5.2154337538222775, 5.2129560621110045, 5.202101446883972, 5.192718863247421]","[4.892798599563048, 4.876819293958517, 5.146552029683844, 5.052177950322703, 4.885960531960687, 5.038601206804777, 4.885960531960687, 4.73955849699399, 4.9693736888299025, 5.179986426146284, 5.0037807471045, 4.956190884749053, 4.989841438029904, 5.052182507432454, 5.0208339692027915, 4.8962483914573, 4.9004267171365985, 4.841718773417757, 4.802861396404302, 4.863820033948806]","[5.38735646598922, 4.876819293958517, 5.2900120801967905, 5.052177950322703, 4.885960531960687, 5.038601206804777, 5.256977593723005, 5.256334749150893, 4.9693736888299025, 5.250886795559117, 5.0037807471045, 4.956190884749053, 4.989841438029904, 5.052182507432454, 5.0208339692027915, 5.217364432737506, 4.9004267171365985, 4.841718773417757, 5.202101446883972, 4.863820033948806]",4.660245875617389,36.25024223327637,200,50,20,20
"[4.857321457358584, 4.6838863675675295, 4.670706914655273, 4.639358784494078, 4.633772753565214, 4.6302246631572475, 4.627889706755545, 4.619039152099226, 4.6177352957588775, 4.616086953344477, 4.614804935778075, 4.614537492625239, 4.611094001587712, 4.6110630392225325, 4.609726976791955, 4.6033394471552205, 4.600935275059873, 4.5999720772634785, 4.592324337174428, 4.591768154169357]","[4.41899674941814, 4.327735755864132, 4.45939056590998, 4.41168242393733, 4.415275950319999, 4.382215251254576, 4.476601295708338, 4.512410957465289, 4.471795752060254, 4.309843894749512, 4.482850739718966, 4.367716725895842, 4.396906004776415, 4.542097223687398, 4.3099992372358615, 4.315175642806275, 4.267095592413499, 4.299246427954088, 4.341590521130291, 4.26959423142832]","[4.41899674941814, 4.6838863675675295, 4.45939056590998, 4.639358784494078, 4.633772753565214, 4.6302246631572475, 4.476601295708338, 4.619039152099226, 4.6177352957588775, 4.616086953344477, 4.614804935778075, 4.367716725895842, 4.611094001587712, 4.6110630392225325, 4.3099992372358615, 4.315175642806275, 4.600935275059873, 4.5999720772634785, 4.341590521130291, 4.591768154169357]",4.133627510684971,36.55000400543213,200,50,20,20