[1.7252432152344117],[1.5468979830296146],1.2791586468861549,2.641989231109619,100
[1.7252432152344117],[1.5468979830296146],1.2791586468861549,2.6537022590637207,100
[1.7274702429540767],[1.6039979015197932],1.1467244749479004,2.6537022590637207,100
[1.7252432152344117],[1.5468979830296146],1.2791586468861549,2.6502788066864014,100
[1.7274702429540767],[1.6039979015197932],1.1467244749479004,2.6502788066864014,100
[1.7621334433891092],[1.6178636283452175],1.1887151060602827,2.6502788066864014,100
[1.7252432152344117],[1.5468979830296146],1.2791586468861549,2.6696672439575195,100
[1.7274702429540767],[1.6039979015197932],1.1467244749479004,2.6696672439575195,100
[1.7621334433891092],[1.6178636283452175],1.1887151060602827,2.6696672439575195,100
[1.6924714830971954],[1.3172276312630915],0.9525805870418429,2.6696672439575195,100
[1.7252432152344117],[1.5468979830296146],1.2791586468861549,2.6282472610473633,100
[1.7274702429540767],[1.6039979015197932],1.1467244749479004,2.6282472610473633,100
[1.7621334433891092],[1.6178636283452175],1.1887151060602827,2.6282472610473633,100
[1.6924714830971954],[1.3172276312630915],0.9525805870418429,2.6282472610473633,100
[1.7739669128473383],[1.5137361909185063],1.1691296894147174,2.6282472610473633,100
[1.7252432152344117],[1.5468979830296146],1.2791586468861549,2.649449110031128,100
[1.7274702429540767],[1.6039979015197932],1.1467244749479004,2.649449110031128,100
[1.7621334433891092],[1.6178636283452175],1.1887151060602827,2.649449110031128,100
[1.6924714830971954],[1.3172276312630915],0.9525805870418429,2.649449110031128,100
[1.7739669128473383],[1.5137361909185063],1.1691296894147174,2.649449110031128,100
[1.696667722290714],[1.4090858786778506],1.1223948556038383,2.649449110031128,100
[1.7252432152344117],[1.5468979830296146],1.2791586468861549,2.6326096057891846,100
[1.7274702429540767],[1.6039979015197932],1.1467244749479004,2.6326096057891846,100
[1.7621334433891092],[1.6178636283452175],1.1887151060602827,2.6326096057891846,100
[1.6924714830971954],[1.3172276312630915],0.9525805870418429,2.6326096057891846,100
[1.7739669128473383],[1.5137361909185063],1.1691296894147174,2.6326096057891846,100
[1.696667722290714],[1.4090858786778506],1.1223948556038383,2.6326096057891846,100
[1.701186160141025],[1.5937283137668392],1.2315242140804399,2.6326096057891846,100
[1.7252432152344117],[1.5468979830296146],1.2791586468861549,2.673661231994629,100
[1.7274702429540767],[1.6039979015197932],1.1467244749479004,2.673661231994629,100
[1.7621334433891092],[1.6178636283452175],1.1887151060602827,2.673661231994629,100
[1.6924714830971954],[1.3172276312630915],0.9525805870418429,2.673661231994629,100
[1.7739669128473383],[1.5137361909185063],1.1691296894147174,2.673661231994629,100
[1.696667722290714],[1.4090858786778506],1.1223948556038383,2.673661231994629,100
[1.701186160141025],[1.5937283137668392],1.2315242140804399,2.673661231994629,100
[1.898307377131004],[1.7862941337594505],1.489768176960561,2.673661231994629,100
[1.7252432152344117],[1.5468979830296146],1.2791586468861549,2.632293224334717,100
[1.7274702429540767],[1.6039979015197932],1.1467244749479004,2.632293224334717,100
[1.7621334433891092],[1.6178636283452175],1.1887151060602827,2.632293224334717,100
[1.6924714830971954],[1.3172276312630915],0.9525805870418429,2.632293224334717,100
[1.7739669128473383],[1.5137361909185063],1.1691296894147174,2.632293224334717,100
[1.696667722290714],[1.4090858786778506],1.1223948556038383,2.632293224334717,100
[1.701186160141025],[1.5937283137668392],1.2315242140804399,2.632293224334717,100
[1.898307377131004],[1.7862941337594505],1.489768176960561,2.632293224334717,100
[1.755776481975173],[1.738650869670157],1.3292757229139367,2.632293224334717,100
[1.7252432152344117],[1.5468979830296146],1.2791586468861549,2.6416337490081787,100
[1.7274702429540767],[1.6039979015197932],1.1467244749479004,2.6416337490081787,100
[1.7621334433891092],[1.6178636283452175],1.1887151060602827,2.6416337490081787,100
[1.6924714830971954],[1.3172276312630915],0.9525805870418429,2.6416337490081787,100
[1.7739669128473383],[1.5137361909185063],1.1691296894147174,2.6416337490081787,100
[1.696667722290714],[1.4090858786778506],1.1223948556038383,2.6416337490081787,100
[1.701186160141025],[1.5937283137668392],1.2315242140804399,2.6416337490081787,100
[1.898307377131004],[1.7862941337594505],1.489768176960561,2.6416337490081787,100
[1.755776481975173],[1.738650869670157],1.3292757229139367,2.6416337490081787,100
[1.881421706783118],[1.5795947266310915],1.501554623804318,2.6416337490081787,100
[1.7252432152344117],[1.5468979830296146],1.2791586468861549,2.6205172538757324,100
[1.7274702429540767],[1.6039979015197932],1.1467244749479004,2.6205172538757324,100
[1.7621334433891092],[1.6178636283452175],1.1887151060602827,2.6205172538757324,100
[1.6924714830971954],[1.3172276312630915],0.9525805870418429,2.6205172538757324,100
[1.7739669128473383],[1.5137361909185063],1.1691296894147174,2.6205172538757324,100
[1.696667722290714],[1.4090858786778506],1.1223948556038383,2.6205172538757324,100
[1.701186160141025],[1.5937283137668392],1.2315242140804399,2.6205172538757324,100
[1.898307377131004],[1.7862941337594505],1.489768176960561,2.6205172538757324,100
[1.755776481975173],[1.738650869670157],1.3292757229139367,2.6205172538757324,100
[1.881421706783118],[1.5795947266310915],1.501554623804318,2.6205172538757324,100
[1.7591411822062497],[1.6113854226884117],1.3178654287759115,2.6205172538757324,100
[1.7252432152344117],[1.5468979830296146],1.2791586468861549,2.639554262161255,100
[1.7274702429540767],[1.6039979015197932],1.1467244749479004,2.639554262161255,100
[1.7621334433891092],[1.6178636283452175],1.1887151060602827,2.639554262161255,100
[1.6924714830971954],[1.3172276312630915],0.9525805870418429,2.639554262161255,100
[1.7739669128473383],[1.5137361909185063],1.1691296894147174,2.639554262161255,100
[1.696667722290714],[1.4090858786778506],1.1223948556038383,2.639554262161255,100
[1.701186160141025],[1.5937283137668392],1.2315242140804399,2.639554262161255,100
[1.898307377131004],[1.7862941337594505],1.489768176960561,2.639554262161255,100
[1.755776481975173],[1.738650869670157],1.3292757229139367,2.639554262161255,100
[1.881421706783118],[1.5795947266310915],1.501554623804318,2.639554262161255,100
[1.7591411822062497],[1.6113854226884117],1.3178654287759115,2.639554262161255,100
[1.6437674740859312],[1.3042040124352192],1.163092027827331,2.639554262161255,100
[1.7252432152344117],[1.5468979830296146],1.2791586468861549,2.6260716915130615,100
[1.7274702429540767],[1.6039979015197932],1.1467244749479004,2.6260716915130615,100
[1.7621334433891092],[1.6178636283452175],1.1887151060602827,2.6260716915130615,100
[1.6924714830971954],[1.3172276312630915],0.9525805870418429,2.6260716915130615,100
[1.7739669128473383],[1.5137361909185063],1.1691296894147174,2.6260716915130615,100
[1.696667722290714],[1.4090858786778506],1.1223948556038383,2.6260716915130615,100
[1.701186160141025],[1.5937283137668392],1.2315242140804399,2.6260716915130615,100
[1.898307377131004],[1.7862941337594505],1.489768176960561,2.6260716915130615,100
[1.755776481975173],[1.738650869670157],1.3292757229139367,2.6260716915130615,100
[1.881421706783118],[1.5795947266310915],1.501554623804318,2.6260716915130615,100
[1.7591411822062497],[1.6113854226884117],1.3178654287759115,2.6260716915130615,100
[1.6437674740859312],[1.3042040124352192],1.163092027827331,2.6260716915130615,100
[1.8550643384002137],[1.8152160139930074],1.476982101276357,2.6260716915130615,100
[1.7252432152344117],[1.5468979830296146],1.2791586468861549,2.61687970161438,100
[1.7274702429540767],[1.6039979015197932],1.1467244749479004,2.61687970161438,100
[1.7621334433891092],[1.6178636283452175],1.1887151060602827,2.61687970161438,100
[1.6924714830971954],[1.3172276312630915],0.9525805870418429,2.61687970161438,100
[1.7739669128473383],[1.5137361909185063],1.1691296894147174,2.61687970161438,100
[1.696667722290714],[1.4090858786778506],1.1223948556038383,2.61687970161438,100
[1.701186160141025],[1.5937283137668392],1.2315242140804399,2.61687970161438,100
[1.898307377131004],[1.7862941337594505],1.489768176960561,2.61687970161438,100
[1.755776481975173],[1.738650869670157],1.3292757229139367,2.61687970161438,100
[1.881421706783118],[1.5795947266310915],1.501554623804318,2.61687970161438,100
[1.7591411822062497],[1.6113854226884117],1.3178654287759115,2.61687970161438,100
[1.6437674740859312],[1.3042040124352192],1.163092027827331,2.61687970161438,100
[1.8550643384002137],[1.8152160139930074],1.476982101276357,2.61687970161438,100
[1.6284875503792005],[1.586628489160709],1.2047477735794618,2.61687970161438,100
[1.7252432152344117],[1.5468979830296146],1.2791586468861549,2.617918014526367,100
[1.7274702429540767],[1.6039979015197932],1.1467244749479004,2.617918014526367,100
[1.7621334433891092],[1.6178636283452175],1.1887151060602827,2.617918014526367,100
[1.6924714830971954],[1.3172276312630915],0.9525805870418429,2.617918014526367,100
[1.7739669128473383],[1.5137361909185063],1.1691296894147174,2.617918014526367,100
[1.696667722290714],[1.4090858786778506],1.1223948556038383,2.617918014526367,100
[1.701186160141025],[1.5937283137668392],1.2315242140804399,2.617918014526367,100
[1.898307377131004],[1.7862941337594505],1.489768176960561,2.617918014526367,100
[1.755776481975173],[1.738650869670157],1.3292757229139367,2.617918014526367,100
[1.881421706783118],[1.5795947266310915],1.501554623804318,2.617918014526367,100
[1.7591411822062497],[1.6113854226884117],1.3178654287759115,2.617918014526367,100
[1.6437674740859312],[1.3042040124352192],1.163092027827331,2.617918014526367,100
[1.8550643384002137],[1.8152160139930074],1.476982101276357,2.617918014526367,100
[1.6284875503792005],[1.586628489160709],1.2047477735794618,2.617918014526367,100
[1.7286735725800468],[1.4821447237395617],1.1980731251546544,2.617918014526367,100
[1.7252432152344117],[1.5468979830296146],1.2791586468861549,2.6472742557525635,100
[1.7274702429540767],[1.6039979015197932],1.1467244749479004,2.6472742557525635,100
[1.7621334433891092],[1.6178636283452175],1.1887151060602827,2.6472742557525635,100
[1.6924714830971954],[1.3172276312630915],0.9525805870418429,2.6472742557525635,100
[1.7739669128473383],[1.5137361909185063],1.1691296894147174,2.6472742557525635,100
[1.696667722290714],[1.4090858786778506],1.1223948556038383,2.6472742557525635,100
[1.701186160141025],[1.5937283137668392],1.2315242140804399,2.6472742557525635,100
[1.898307377131004],[1.7862941337594505],1.489768176960561,2.6472742557525635,100
[1.755776481975173],[1.738650869670157],1.3292757229139367,2.6472742557525635,100
[1.881421706783118],[1.5795947266310915],1.501554623804318,2.6472742557525635,100
[1.7591411822062497],[1.6113854226884117],1.3178654287759115,2.6472742557525635,100
[1.6437674740859312],[1.3042040124352192],1.163092027827331,2.6472742557525635,100
[1.8550643384002137],[1.8152160139930074],1.476982101276357,2.6472742557525635,100
[1.6284875503792005],[1.586628489160709],1.2047477735794618,2.6472742557525635,100
[1.7286735725800468],[1.4821447237395617],1.1980731251546544,2.6472742557525635,100
[1.782964667362378],[1.5557185120057666],1.3038594909336427,2.6472742557525635,100
[1.7252432152344117],[1.5468979830296146],1.2791586468861549,2.6236867904663086,100
[1.7274702429540767],[1.6039979015197932],1.1467244749479004,2.6236867904663086,100
[1.7621334433891092],[1.6178636283452175],1.1887151060602827,2.6236867904663086,100
[1.6924714830971954],[1.3172276312630915],0.9525805870418429,2.6236867904663086,100
[1.7739669128473383],[1.5137361909185063],1.1691296894147174,2.6236867904663086,100
[1.696667722290714],[1.4090858786778506],1.1223948556038383,2.6236867904663086,100
[1.701186160141025],[1.5937283137668392],1.2315242140804399,2.6236867904663086,100
[1.898307377131004],[1.7862941337594505],1.489768176960561,2.6236867904663086,100
[1.755776481975173],[1.738650869670157],1.3292757229139367,2.6236867904663086,100
[1.881421706783118],[1.5795947266310915],1.501554623804318,2.6236867904663086,100
[1.7591411822062497],[1.6113854226884117],1.3178654287759115,2.6236867904663086,100
[1.6437674740859312],[1.3042040124352192],1.163092027827331,2.6236867904663086,100
[1.8550643384002137],[1.8152160139930074],1.476982101276357,2.6236867904663086,100
[1.6284875503792005],[1.586628489160709],1.2047477735794618,2.6236867904663086,100
[1.7286735725800468],[1.4821447237395617],1.1980731251546544,2.6236867904663086,100
[1.782964667362378],[1.5557185120057666],1.3038594909336427,2.6236867904663086,100
[1.7890211060162362],[1.7272401555374355],1.328931880724296,2.6236867904663086,100
[1.7252432152344117],[1.5468979830296146],1.2791586468861549,2.6164488792419434,100
[1.7274702429540767],[1.6039979015197932],1.1467244749479004,2.6164488792419434,100
[1.7621334433891092],[1.6178636283452175],1.1887151060602827,2.6164488792419434,100
[1.6924714830971954],[1.3172276312630915],0.9525805870418429,2.6164488792419434,100
[1.7739669128473383],[1.5137361909185063],1.1691296894147174,2.6164488792419434,100
[1.696667722290714],[1.4090858786778506],1.1223948556038383,2.6164488792419434,100
[1.701186160141025],[1.5937283137668392],1.2315242140804399,2.6164488792419434,100
[1.898307377131004],[1.7862941337594505],1.489768176960561,2.6164488792419434,100
[1.755776481975173],[1.738650869670157],1.3292757229139367,2.6164488792419434,100
[1.881421706783118],[1.5795947266310915],1.501554623804318,2.6164488792419434,100
[1.7591411822062497],[1.6113854226884117],1.3178654287759115,2.6164488792419434,100
[1.6437674740859312],[1.3042040124352192],1.163092027827331,2.6164488792419434,100
[1.8550643384002137],[1.8152160139930074],1.476982101276357,2.6164488792419434,100
[1.6284875503792005],[1.586628489160709],1.2047477735794618,2.6164488792419434,100
[1.7286735725800468],[1.4821447237395617],1.1980731251546544,2.6164488792419434,100
[1.782964667362378],[1.5557185120057666],1.3038594909336427,2.6164488792419434,100
[1.7890211060162362],[1.7272401555374355],1.328931880724296,2.6164488792419434,100
[1.5674853321290572],[1.0812492875692485],1.063599088753362,2.6164488792419434,100
[1.7252432152344117],[1.5468979830296146],1.2791586468861549,2.6603870391845703,100
[1.7274702429540767],[1.6039979015197932],1.1467244749479004,2.6603870391845703,100
[1.7621334433891092],[1.6178636283452175],1.1887151060602827,2.6603870391845703,100
[1.6924714830971954],[1.3172276312630915],0.9525805870418429,2.6603870391845703,100
[1.7739669128473383],[1.5137361909185063],1.1691296894147174,2.6603870391845703,100
[1.696667722290714],[1.4090858786778506],1.1223948556038383,2.6603870391845703,100
[1.701186160141025],[1.5937283137668392],1.2315242140804399,2.6603870391845703,100
[1.898307377131004],[1.7862941337594505],1.489768176960561,2.6603870391845703,100
[1.755776481975173],[1.738650869670157],1.3292757229139367,2.6603870391845703,100
[1.881421706783118],[1.5795947266310915],1.501554623804318,2.6603870391845703,100
[1.7591411822062497],[1.6113854226884117],1.3178654287759115,2.6603870391845703,100
[1.6437674740859312],[1.3042040124352192],1.163092027827331,2.6603870391845703,100
[1.8550643384002137],[1.8152160139930074],1.476982101276357,2.6603870391845703,100
[1.6284875503792005],[1.586628489160709],1.2047477735794618,2.6603870391845703,100
[1.7286735725800468],[1.4821447237395617],1.1980731251546544,2.6603870391845703,100
[1.782964667362378],[1.5557185120057666],1.3038594909336427,2.6603870391845703,100
[1.7890211060162362],[1.7272401555374355],1.328931880724296,2.6603870391845703,100
[1.5674853321290572],[1.0812492875692485],1.063599088753362,2.6603870391845703,100
[1.8342627890914198],[1.5881551728170944],1.5066502651264557,2.6603870391845703,100
[1.7252432152344117],[1.5468979830296146],1.2791586468861549,2.6249287128448486,100
[1.7274702429540767],[1.6039979015197932],1.1467244749479004,2.6249287128448486,100
[1.7621334433891092],[1.6178636283452175],1.1887151060602827,2.6249287128448486,100
[1.6924714830971954],[1.3172276312630915],0.9525805870418429,2.6249287128448486,100
[1.7739669128473383],[1.5137361909185063],1.1691296894147174,2.6249287128448486,100
[1.696667722290714],[1.4090858786778506],1.1223948556038383,2.6249287128448486,100
[1.701186160141025],[1.5937283137668392],1.2315242140804399,2.6249287128448486,100
[1.898307377131004],[1.7862941337594505],1.489768176960561,2.6249287128448486,100
[1.755776481975173],[1.738650869670157],1.3292757229139367,2.6249287128448486,100
[1.881421706783118],[1.5795947266310915],1.501554623804318,2.6249287128448486,100
[1.7591411822062497],[1.6113854226884117],1.3178654287759115,2.6249287128448486,100
[1.6437674740859312],[1.3042040124352192],1.163092027827331,2.6249287128448486,100
[1.8550643384002137],[1.8152160139930074],1.476982101276357,2.6249287128448486,100
[1.6284875503792005],[1.586628489160709],1.2047477735794618,2.6249287128448486,100
[1.7286735725800468],[1.4821447237395617],1.1980731251546544,2.6249287128448486,100
[1.782964667362378],[1.5557185120057666],1.3038594909336427,2.6249287128448486,100
[1.7890211060162362],[1.7272401555374355],1.328931880724296,2.6249287128448486,100
[1.5674853321290572],[1.0812492875692485],1.063599088753362,2.6249287128448486,100
[1.8342627890914198],[1.5881551728170944],1.5066502651264557,2.6249287128448486,100
[1.7603451945542343],[1.6550199267528471],1.2608114581684469,2.6249287128448486,100
[1.8490192559863166],[1.6117308621381499],1.4371124868898502,6.07904839515686,200
[1.8490192559863166],[1.6117308621381499],1.4371124868898502,6.065577983856201,200
[1.767495217529802],[1.632730341179263],1.2733783239508194,6.065577983856201,200
[1.8490192559863166],[1.6117308621381499],1.4371124868898502,6.055498361587524,200
[1.767495217529802],[1.632730341179263],1.2733783239508194,6.055498361587524,200
[1.5873321533808316],[1.4411944868148279],1.091663669078488,6.055498361587524,200
[1.8490192559863166],[1.6117308621381499],1.4371124868898502,6.062291860580444,200
[1.767495217529802],[1.632730341179263],1.2733783239508194,6.062291860580444,200
[1.5873321533808316],[1.4411944868148279],1.091663669078488,6.062291860580444,200
[1.8682174505178986],[1.764836286625247],1.5434555561428025,6.062291860580444,200
[1.8490192559863166],[1.6117308621381499],1.4371124868898502,6.338207006454468,200
[1.767495217529802],[1.632730341179263],1.2733783239508194,6.338207006454468,200
[1.5873321533808316],[1.4411944868148279],1.091663669078488,6.338207006454468,200
[1.8682174505178986],[1.764836286625247],1.5434555561428025,6.338207006454468,200
[1.8540985969235804],[1.6476892839926311],1.362451809851409,6.338207006454468,200
[1.8490192559863166],[1.6117308621381499],1.4371124868898502,6.398460388183594,200
[1.767495217529802],[1.632730341179263],1.2733783239508194,6.398460388183594,200
[1.5873321533808316],[1.4411944868148279],1.091663669078488,6.398460388183594,200
[1.8682174505178986],[1.764836286625247],1.5434555561428025,6.398460388183594,200
[1.8540985969235804],[1.6476892839926311],1.362451809851409,6.398460388183594,200
[1.743089935108146],[1.4406454224458782],1.2797236235468914,6.398460388183594,200
[1.8490192559863166],[1.6117308621381499],1.4371124868898502,6.06956934928894,200
[1.767495217529802],[1.632730341179263],1.2733783239508194,6.06956934928894,200
[1.5873321533808316],[1.4411944868148279],1.091663669078488,6.06956934928894,200
[1.8682174505178986],[1.764836286625247],1.5434555561428025,6.06956934928894,200
[1.8540985969235804],[1.6476892839926311],1.362451809851409,6.06956934928894,200
[1.743089935108146],[1.4406454224458782],1.2797236235468914,6.06956934928894,200
[1.882112743913029],[1.7563005748198581],1.5387674834994045,6.06956934928894,200
[1.8490192559863166],[1.6117308621381499],1.4371124868898502,6.123746633529663,200
[1.767495217529802],[1.632730341179263],1.2733783239508194,6.123746633529663,200
[1.5873321533808316],[1.4411944868148279],1.091663669078488,6.123746633529663,200
[1.8682174505178986],[1.764836286625247],1.5434555561428025,6.123746633529663,200
[1.8540985969235804],[1.6476892839926311],1.362451809851409,6.123746633529663,200
[1.743089935108146],[1.4406454224458782],1.2797236235468914,6.123746633529663,200
[1.882112743913029],[1.7563005748198581],1.5387674834994045,6.123746633529663,200
[1.6990668908188091],[1.5372639688190508],1.160536919280375,6.123746633529663,200
[1.8490192559863166],[1.6117308621381499],1.4371124868898502,6.091280221939087,200
[1.767495217529802],[1.632730341179263],1.2733783239508194,6.091280221939087,200
[1.5873321533808316],[1.4411944868148279],1.091663669078488,6.091280221939087,200
[1.8682174505178986],[1.764836286625247],1.5434555561428025,6.091280221939087,200
[1.8540985969235804],[1.6476892839926311],1.362451809851409,6.091280221939087,200
[1.743089935108146],[1.4406454224458782],1.2797236235468914,6.091280221939087,200
[1.882112743913029],[1.7563005748198581],1.5387674834994045,6.091280221939087,200
[1.6990668908188091],[1.5372639688190508],1.160536919280375,6.091280221939087,200
[1.7865739336122004],[1.4953829329043957],1.1769569643238798,6.091280221939087,200
[1.8490192559863166],[1.6117308621381499],1.4371124868898502,6.116396188735962,200
[1.767495217529802],[1.632730341179263],1.2733783239508194,6.116396188735962,200
[1.5873321533808316],[1.4411944868148279],1.091663669078488,6.116396188735962,200
[1.8682174505178986],[1.764836286625247],1.5434555561428025,6.116396188735962,200
[1.8540985969235804],[1.6476892839926311],1.362451809851409,6.116396188735962,200
[1.743089935108146],[1.4406454224458782],1.2797236235468914,6.116396188735962,200
[1.882112743913029],[1.7563005748198581],1.5387674834994045,6.116396188735962,200
[1.6990668908188091],[1.5372639688190508],1.160536919280375,6.116396188735962,200
[1.7865739336122004],[1.4953829329043957],1.1769569643238798,6.116396188735962,200
[1.7020482364142255],[1.4180706298017869],1.2951130090541034,6.116396188735962,200
[1.8490192559863166],[1.6117308621381499],1.4371124868898502,6.079676389694214,200
[1.767495217529802],[1.632730341179263],1.2733783239508194,6.079676389694214,200
[1.5873321533808316],[1.4411944868148279],1.091663669078488,6.079676389694214,200
[1.8682174505178986],[1.764836286625247],1.5434555561428025,6.079676389694214,200
[1.8540985969235804],[1.6476892839926311],1.362451809851409,6.079676389694214,200
[1.743089935108146],[1.4406454224458782],1.2797236235468914,6.079676389694214,200
[1.882112743913029],[1.7563005748198581],1.5387674834994045,6.079676389694214,200
[1.6990668908188091],[1.5372639688190508],1.160536919280375,6.079676389694214,200
[1.7865739336122004],[1.4953829329043957],1.1769569643238798,6.079676389694214,200
[1.7020482364142255],[1.4180706298017869],1.2951130090541034,6.079676389694214,200
[1.7646570693643044],[1.5388787267648425],1.2429281315837362,6.079676389694214,200
[1.8490192559863166],[1.6117308621381499],1.4371124868898502,6.068047761917114,200
[1.767495217529802],[1.632730341179263],1.2733783239508194,6.068047761917114,200
[1.5873321533808316],[1.4411944868148279],1.091663669078488,6.068047761917114,200
[1.8682174505178986],[1.764836286625247],1.5434555561428025,6.068047761917114,200
[1.8540985969235804],[1.6476892839926311],1.362451809851409,6.068047761917114,200
[1.743089935108146],[1.4406454224458782],1.2797236235468914,6.068047761917114,200
[1.882112743913029],[1.7563005748198581],1.5387674834994045,6.068047761917114,200
[1.6990668908188091],[1.5372639688190508],1.160536919280375,6.068047761917114,200
[1.7865739336122004],[1.4953829329043957],1.1769569643238798,6.068047761917114,200
[1.7020482364142255],[1.4180706298017869],1.2951130090541034,6.068047761917114,200
[1.7646570693643044],[1.5388787267648425],1.2429281315837362,6.068047761917114,200
[1.8380265388571977],[1.5001502696039375],1.3333046782138969,6.068047761917114,200
[1.8490192559863166],[1.6117308621381499],1.4371124868898502,6.055957794189453,200
[1.767495217529802],[1.632730341179263],1.2733783239508194,6.055957794189453,200
[1.5873321533808316],[1.4411944868148279],1.091663669078488,6.055957794189453,200
[1.8682174505178986],[1.764836286625247],1.5434555561428025,6.055957794189453,200
[1.8540985969235804],[1.6476892839926311],1.362451809851409,6.055957794189453,200
[1.743089935108146],[1.4406454224458782],1.2797236235468914,6.055957794189453,200
[1.882112743913029],[1.7563005748198581],1.5387674834994045,6.055957794189453,200
[1.6990668908188091],[1.5372639688190508],1.160536919280375,6.055957794189453,200
[1.7865739336122004],[1.4953829329043957],1.1769569643238798,6.055957794189453,200
[1.7020482364142255],[1.4180706298017869],1.2951130090541034,6.055957794189453,200
[1.7646570693643044],[1.5388787267648425],1.2429281315837362,6.055957794189453,200
[1.8380265388571977],[1.5001502696039375],1.3333046782138969,6.055957794189453,200
[1.677103075275424],[1.477531510890345],0.9945876645341298,6.055957794189453,200
[1.8490192559863166],[1.6117308621381499],1.4371124868898502,6.1020827293396,200
[1.767495217529802],[1.632730341179263],1.2733783239508194,6.1020827293396,200
[1.5873321533808316],[1.4411944868148279],1.091663669078488,6.1020827293396,200
[1.8682174505178986],[1.764836286625247],1.5434555561428025,6.1020827293396,200
[1.8540985969235804],[1.6476892839926311],1.362451809851409,6.1020827293396,200
[1.743089935108146],[1.4406454224458782],1.2797236235468914,6.1020827293396,200
[1.882112743913029],[1.7563005748198581],1.5387674834994045,6.1020827293396,200
[1.6990668908188091],[1.5372639688190508],1.160536919280375,6.1020827293396,200
[1.7865739336122004],[1.4953829329043957],1.1769569643238798,6.1020827293396,200
[1.7020482364142255],[1.4180706298017869],1.2951130090541034,6.1020827293396,200
[1.7646570693643044],[1.5388787267648425],1.2429281315837362,6.1020827293396,200
[1.8380265388571977],[1.5001502696039375],1.3333046782138969,6.1020827293396,200
[1.677103075275424],[1.477531510890345],0.9945876645341298,6.1020827293396,200
[1.717598481337321],[1.5499999999999534],0.9906729251967501,6.1020827293396,200
[1.8490192559863166],[1.6117308621381499],1.4371124868898502,6.14794921875,200
[1.767495217529802],[1.632730341179263],1.2733783239508194,6.14794921875,200
[1.5873321533808316],[1.4411944868148279],1.091663669078488,6.14794921875,200
[1.8682174505178986],[1.764836286625247],1.5434555561428025,6.14794921875,200
[1.8540985969235804],[1.6476892839926311],1.362451809851409,6.14794921875,200
[1.743089935108146],[1.4406454224458782],1.2797236235468914,6.14794921875,200
[1.882112743913029],[1.7563005748198581],1.5387674834994045,6.14794921875,200
[1.6990668908188091],[1.5372639688190508],1.160536919280375,6.14794921875,200
[1.7865739336122004],[1.4953829329043957],1.1769569643238798,6.14794921875,200
[1.7020482364142255],[1.4180706298017869],1.2951130090541034,6.14794921875,200
[1.7646570693643044],[1.5388787267648425],1.2429281315837362,6.14794921875,200
[1.8380265388571977],[1.5001502696039375],1.3333046782138969,6.14794921875,200
[1.677103075275424],[1.477531510890345],0.9945876645341298,6.14794921875,200
[1.717598481337321],[1.5499999999999534],0.9906729251967501,6.14794921875,200
[1.6704396976996312],[1.370686093082479],1.0966450087355255,6.14794921875,200
[1.8490192559863166],[1.6117308621381499],1.4371124868898502,6.05820369720459,200
[1.767495217529802],[1.632730341179263],1.2733783239508194,6.05820369720459,200
[1.5873321533808316],[1.4411944868148279],1.091663669078488,6.05820369720459,200
[1.8682174505178986],[1.764836286625247],1.5434555561428025,6.05820369720459,200
[1.8540985969235804],[1.6476892839926311],1.362451809851409,6.05820369720459,200
[1.743089935108146],[1.4406454224458782],1.2797236235468914,6.05820369720459,200
[1.882112743913029],[1.7563005748198581],1.5387674834994045,6.05820369720459,200
[1.6990668908188091],[1.5372639688190508],1.160536919280375,6.05820369720459,200
[1.7865739336122004],[1.4953829329043957],1.1769569643238798,6.05820369720459,200
[1.7020482364142255],[1.4180706298017869],1.2951130090541034,6.05820369720459,200
[1.7646570693643044],[1.5388787267648425],1.2429281315837362,6.05820369720459,200
[1.8380265388571977],[1.5001502696039375],1.3333046782138969,6.05820369720459,200
[1.677103075275424],[1.477531510890345],0.9945876645341298,6.05820369720459,200
[1.717598481337321],[1.5499999999999534],0.9906729251967501,6.05820369720459,200
[1.6704396976996312],[1.370686093082479],1.0966450087355255,6.05820369720459,200
[1.6971247381193715],[1.4164360922762227],1.1002875447734735,6.05820369720459,200
[1.8490192559863166],[1.6117308621381499],1.4371124868898502,6.105912685394287,200
[1.767495217529802],[1.632730341179263],1.2733783239508194,6.105912685394287,200
[1.5873321533808316],[1.4411944868148279],1.091663669078488,6.105912685394287,200
[1.8682174505178986],[1.764836286625247],1.5434555561428025,6.105912685394287,200
[1.8540985969235804],[1.6476892839926311],1.362451809851409,6.105912685394287,200
[1.743089935108146],[1.4406454224458782],1.2797236235468914,6.105912685394287,200
[1.882112743913029],[1.7563005748198581],1.5387674834994045,6.105912685394287,200
[1.6990668908188091],[1.5372639688190508],1.160536919280375,6.105912685394287,200
[1.7865739336122004],[1.4953829329043957],1.1769569643238798,6.105912685394287,200
[1.7020482364142255],[1.4180706298017869],1.2951130090541034,6.105912685394287,200
[1.7646570693643044],[1.5388787267648425],1.2429281315837362,6.105912685394287,200
[1.8380265388571977],[1.5001502696039375],1.3333046782138969,6.105912685394287,200
[1.677103075275424],[1.477531510890345],0.9945876645341298,6.105912685394287,200
[1.717598481337321],[1.5499999999999534],0.9906729251967501,6.105912685394287,200
[1.6704396976996312],[1.370686093082479],1.0966450087355255,6.105912685394287,200
[1.6971247381193715],[1.4164360922762227],1.1002875447734735,6.105912685394287,200
[1.6302178909400178],[1.372480036978653],1.1672505614811428,6.105912685394287,200
[1.8490192559863166],[1.6117308621381499],1.4371124868898502,6.08251690864563,200
[1.767495217529802],[1.632730341179263],1.2733783239508194,6.08251690864563,200
[1.5873321533808316],[1.4411944868148279],1.091663669078488,6.08251690864563,200
[1.8682174505178986],[1.764836286625247],1.5434555561428025,6.08251690864563,200
[1.8540985969235804],[1.6476892839926311],1.362451809851409,6.08251690864563,200
[1.743089935108146],[1.4406454224458782],1.2797236235468914,6.08251690864563,200
[1.882112743913029],[1.7563005748198581],1.5387674834994045,6.08251690864563,200
[1.6990668908188091],[1.5372639688190508],1.160536919280375,6.08251690864563,200
[1.7865739336122004],[1.4953829329043957],1.1769569643238798,6.08251690864563,200
[1.7020482364142255],[1.4180706298017869],1.2951130090541034,6.08251690864563,200
[1.7646570693643044],[1.5388787267648425],1.2429281315837362,6.08251690864563,200
[1.8380265388571977],[1.5001502696039375],1.3333046782138969,6.08251690864563,200
[1.677103075275424],[1.477531510890345],0.9945876645341298,6.08251690864563,200
[1.717598481337321],[1.5499999999999534],0.9906729251967501,6.08251690864563,200
[1.6704396976996312],[1.370686093082479],1.0966450087355255,6.08251690864563,200
[1.6971247381193715],[1.4164360922762227],1.1002875447734735,6.08251690864563,200
[1.6302178909400178],[1.372480036978653],1.1672505614811428,6.08251690864563,200
[1.7459936815909907],[1.458539295429444],1.2764615105928412,6.08251690864563,200
[1.8490192559863166],[1.6117308621381499],1.4371124868898502,6.0521674156188965,200
[1.767495217529802],[1.632730341179263],1.2733783239508194,6.0521674156188965,200
[1.5873321533808316],[1.4411944868148279],1.091663669078488,6.0521674156188965,200
[1.8682174505178986],[1.764836286625247],1.5434555561428025,6.0521674156188965,200
[1.8540985969235804],[1.6476892839926311],1.362451809851409,6.0521674156188965,200
[1.743089935108146],[1.4406454224458782],1.2797236235468914,6.0521674156188965,200
[1.882112743913029],[1.7563005748198581],1.5387674834994045,6.0521674156188965,200
[1.6990668908188091],[1.5372639688190508],1.160536919280375,6.0521674156188965,200
[1.7865739336122004],[1.4953829329043957],1.1769569643238798,6.0521674156188965,200
[1.7020482364142255],[1.4180706298017869],1.2951130090541034,6.0521674156188965,200
[1.7646570693643044],[1.5388787267648425],1.2429281315837362,6.0521674156188965,200
[1.8380265388571977],[1.5001502696039375],1.3333046782138969,6.0521674156188965,200
[1.677103075275424],[1.477531510890345],0.9945876645341298,6.0521674156188965,200
[1.717598481337321],[1.5499999999999534],0.9906729251967501,6.0521674156188965,200
[1.6704396976996312],[1.370686093082479],1.0966450087355255,6.0521674156188965,200
[1.6971247381193715],[1.4164360922762227],1.1002875447734735,6.0521674156188965,200
[1.6302178909400178],[1.372480036978653],1.1672505614811428,6.0521674156188965,200
[1.7459936815909907],[1.458539295429444],1.2764615105928412,6.0521674156188965,200
[1.7881303754522755],[1.7149105179948616],1.3843777447204217,6.0521674156188965,200
[1.8490192559863166],[1.6117308621381499],1.4371124868898502,6.154423236846924,200
[1.767495217529802],[1.632730341179263],1.2733783239508194,6.154423236846924,200
[1.5873321533808316],[1.4411944868148279],1.091663669078488,6.154423236846924,200
[1.8682174505178986],[1.764836286625247],1.5434555561428025,6.154423236846924,200
[1.8540985969235804],[1.6476892839926311],1.362451809851409,6.154423236846924,200
[1.743089935108146],[1.4406454224458782],1.2797236235468914,6.154423236846924,200
[1.882112743913029],[1.7563005748198581],1.5387674834994045,6.154423236846924,200
[1.6990668908188091],[1.5372639688190508],1.160536919280375,6.154423236846924,200
[1.7865739336122004],[1.4953829329043957],1.1769569643238798,6.154423236846924,200
[1.7020482364142255],[1.4180706298017869],1.2951130090541034,6.154423236846924,200
[1.7646570693643044],[1.5388787267648425],1.2429281315837362,6.154423236846924,200
[1.8380265388571977],[1.5001502696039375],1.3333046782138969,6.154423236846924,200
[1.677103075275424],[1.477531510890345],0.9945876645341298,6.154423236846924,200
[1.717598481337321],[1.5499999999999534],0.9906729251967501,6.154423236846924,200
[1.6704396976996312],[1.370686093082479],1.0966450087355255,6.154423236846924,200
[1.6971247381193715],[1.4164360922762227],1.1002875447734735,6.154423236846924,200
[1.6302178909400178],[1.372480036978653],1.1672505614811428,6.154423236846924,200
[1.7459936815909907],[1.458539295429444],1.2764615105928412,6.154423236846924,200
[1.7881303754522755],[1.7149105179948616],1.3843777447204217,6.154423236846924,200
[1.8896035853262143],[1.8518532249968596],1.5070360913530305,6.154423236846924,200
[1.7853968335690913],[1.6514124019451624],1.321840186779933,9.310831069946289,300
[1.7853968335690913],[1.6514124019451624],1.321840186779933,9.26546311378479,300
[1.7362646269885953],[1.3836855977670728],1.119803552392838,9.26546311378479,300
[1.7853968335690913],[1.6514124019451624],1.321840186779933,9.320116519927979,300
[1.7362646269885953],[1.3836855977670728],1.119803552392838,9.320116519927979,300
[1.771549276459586],[1.433298317870832],1.161122189827608,9.320116519927979,300
[1.7853968335690913],[1.6514124019451624],1.321840186779933,9.271470069885254,300
[1.7362646269885953],[1.3836855977670728],1.119803552392838,9.271470069885254,300
[1.771549276459586],[1.433298317870832],1.161122189827608,9.271470069885254,300
[1.8001590324413315],[1.4481443239445424],1.3180311828479039,9.271470069885254,300
[1.7853968335690913],[1.6514124019451624],1.321840186779933,9.209072828292847,300
[1.7362646269885953],[1.3836855977670728],1.119803552392838,9.209072828292847,300
[1.771549276459586],[1.433298317870832],1.161122189827608,9.209072828292847,300
[1.8001590324413315],[1.4481443239445424],1.3180311828479039,9.209072828292847,300
[1.8298589302702697],[1.673050502019543],1.4242468686992231,9.209072828292847,300
[1.7853968335690913],[1.6514124019451624],1.321840186779933,9.282287359237671,300
[1.7362646269885953],[1.3836855977670728],1.119803552392838,9.282287359237671,300
[1.771549276459586],[1.433298317870832],1.161122189827608,9.282287359237671,300
[1.8001590324413315],[1.4481443239445424],1.3180311828479039,9.282287359237671,300
[1.8298589302702697],[1.673050502019543],1.4242468686992231,9.282287359237671,300
[1.699007824289723],[1.4579041270456456],1.0973092040033487,9.282287359237671,300
[1.7853968335690913],[1.6514124019451624],1.321840186779933,9.275306701660156,300
[1.7362646269885953],[1.3836855977670728],1.119803552392838,9.275306701660156,300
[1.771549276459586],[1.433298317870832],1.161122189827608,9.275306701660156,300
[1.8001590324413315],[1.4481443239445424],1.3180311828479039,9.275306701660156,300
[1.8298589302702697],[1.673050502019543],1.4242468686992231,9.275306701660156,300
[1.699007824289723],[1.4579041270456456],1.0973092040033487,9.275306701660156,300
[1.7081383717057272],[1.468909073683081],1.1060361497776867,9.275306701660156,300
[1.7853968335690913],[1.6514124019451624],1.321840186779933,9.24156141281128,300
[1.7362646269885953],[1.3836855977670728],1.119803552392838,9.24156141281128,300
[1.771549276459586],[1.433298317870832],1.161122189827608,9.24156141281128,300
[1.8001590324413315],[1.4481443239445424],1.3180311828479039,9.24156141281128,300
[1.8298589302702697],[1.673050502019543],1.4242468686992231,9.24156141281128,300
[1.699007824289723],[1.4579041270456456],1.0973092040033487,9.24156141281128,300
[1.7081383717057272],[1.468909073683081],1.1060361497776867,9.24156141281128,300
[1.8488075089161025],[1.6721185121192277],1.3754891103459157,9.24156141281128,300
[1.7853968335690913],[1.6514124019451624],1.321840186779933,9.231082439422607,300
[1.7362646269885953],[1.3836855977670728],1.119803552392838,9.231082439422607,300
[1.771549276459586],[1.433298317870832],1.161122189827608,9.231082439422607,300
[1.8001590324413315],[1.4481443239445424],1.3180311828479039,9.231082439422607,300
[1.8298589302702697],[1.673050502019543],1.4242468686992231,9.231082439422607,300
[1.699007824289723],[1.4579041270456456],1.0973092040033487,9.231082439422607,300
[1.7081383717057272],[1.468909073683081],1.1060361497776867,9.231082439422607,300
[1.8488075089161025],[1.6721185121192277],1.3754891103459157,9.231082439422607,300
[1.6932182944842933],[1.4217009332287505],1.0027088156458284,9.231082439422607,300
[1.7853968335690913],[1.6514124019451624],1.321840186779933,9.28198504447937,300
[1.7362646269885953],[1.3836855977670728],1.119803552392838,9.28198504447937,300
[1.771549276459586],[1.433298317870832],1.161122189827608,9.28198504447937,300
[1.8001590324413315],[1.4481443239445424],1.3180311828479039,9.28198504447937,300
[1.8298589302702697],[1.673050502019543],1.4242468686992231,9.28198504447937,300
[1.699007824289723],[1.4579041270456456],1.0973092040033487,9.28198504447937,300
[1.7081383717057272],[1.468909073683081],1.1060361497776867,9.28198504447937,300
[1.8488075089161025],[1.6721185121192277],1.3754891103459157,9.28198504447937,300
[1.6932182944842933],[1.4217009332287505],1.0027088156458284,9.28198504447937,300
[1.8319894180239014],[1.704802605486274],1.3295682647638682,9.28198504447937,300
[1.7853968335690913],[1.6514124019451624],1.321840186779933,9.262735605239868,300
[1.7362646269885953],[1.3836855977670728],1.119803552392838,9.262735605239868,300
[1.771549276459586],[1.433298317870832],1.161122189827608,9.262735605239868,300
[1.8001590324413315],[1.4481443239445424],1.3180311828479039,9.262735605239868,300
[1.8298589302702697],[1.673050502019543],1.4242468686992231,9.262735605239868,300
[1.699007824289723],[1.4579041270456456],1.0973092040033487,9.262735605239868,300
[1.7081383717057272],[1.468909073683081],1.1060361497776867,9.262735605239868,300
[1.8488075089161025],[1.6721185121192277],1.3754891103459157,9.262735605239868,300
[1.6932182944842933],[1.4217009332287505],1.0027088156458284,9.262735605239868,300
[1.8319894180239014],[1.704802605486274],1.3295682647638682,9.262735605239868,300
[1.74890758992604],[1.474092087179172],1.216709859026249,9.262735605239868,300
[1.7853968335690913],[1.6514124019451624],1.321840186779933,9.346872329711914,300
[1.7362646269885953],[1.3836855977670728],1.119803552392838,9.346872329711914,300
[1.771549276459586],[1.433298317870832],1.161122189827608,9.346872329711914,300
[1.8001590324413315],[1.4481443239445424],1.3180311828479039,9.346872329711914,300
[1.8298589302702697],[1.673050502019543],1.4242468686992231,9.346872329711914,300
[1.699007824289723],[1.4579041270456456],1.0973092040033487,9.346872329711914,300
[1.7081383717057272],[1.468909073683081],1.1060361497776867,9.346872329711914,300
[1.8488075089161025],[1.6721185121192277],1.3754891103459157,9.346872329711914,300
[1.6932182944842933],[1.4217009332287505],1.0027088156458284,9.346872329711914,300
[1.8319894180239014],[1.704802605486274],1.3295682647638682,9.346872329711914,300
[1.74890758992604],[1.474092087179172],1.216709859026249,9.346872329711914,300
[1.7419302013598474],[1.4798795478910474],1.1041184362881187,9.346872329711914,300
[1.7853968335690913],[1.6514124019451624],1.321840186779933,9.293735027313232,300
[1.7362646269885953],[1.3836855977670728],1.119803552392838,9.293735027313232,300
[1.771549276459586],[1.433298317870832],1.161122189827608,9.293735027313232,300
[1.8001590324413315],[1.4481443239445424],1.3180311828479039,9.293735027313232,300
[1.8298589302702697],[1.673050502019543],1.4242468686992231,9.293735027313232,300
[1.699007824289723],[1.4579041270456456],1.0973092040033487,9.293735027313232,300
[1.7081383717057272],[1.468909073683081],1.1060361497776867,9.293735027313232,300
[1.8488075089161025],[1.6721185121192277],1.3754891103459157,9.293735027313232,300
[1.6932182944842933],[1.4217009332287505],1.0027088156458284,9.293735027313232,300
[1.8319894180239014],[1.704802605486274],1.3295682647638682,9.293735027313232,300
[1.74890758992604],[1.474092087179172],1.216709859026249,9.293735027313232,300
[1.7419302013598474],[1.4798795478910474],1.1041184362881187,9.293735027313232,300
[1.8033473613310167],[1.5530027008994733],1.282565235515646,9.293735027313232,300
[1.7853968335690913],[1.6514124019451624],1.321840186779933,9.2645423412323,300
[1.7362646269885953],[1.3836855977670728],1.119803552392838,9.2645423412323,300
[1.771549276459586],[1.433298317870832],1.161122189827608,9.2645423412323,300
[1.8001590324413315],[1.4481443239445424],1.3180311828479039,9.2645423412323,300
[1.8298589302702697],[1.673050502019543],1.4242468686992231,9.2645423412323,300
[1.699007824289723],[1.4579041270456456],1.0973092040033487,9.2645423412323,300
[1.7081383717057272],[1.468909073683081],1.1060361497776867,9.2645423412323,300
[1.8488075089161025],[1.6721185121192277],1.3754891103459157,9.2645423412323,300
[1.6932182944842933],[1.4217009332287505],1.0027088156458284,9.2645423412323,300
[1.8319894180239014],[1.704802605486274],1.3295682647638682,9.2645423412323,300
[1.74890758992604],[1.474092087179172],1.216709859026249,9.2645423412323,300
[1.7419302013598474],[1.4798795478910474],1.1041184362881187,9.2645423412323,300
[1.8033473613310167],[1.5530027008994733],1.282565235515646,9.2645423412323,300
[1.7569444539627268],[1.3845757235161416],1.2784246268414372,9.2645423412323,300
[1.7853968335690913],[1.6514124019451624],1.321840186779933,9.246022462844849,300
[1.7362646269885953],[1.3836855977670728],1.119803552392838,9.246022462844849,300
[1.771549276459586],[1.433298317870832],1.161122189827608,9.246022462844849,300
[1.8001590324413315],[1.4481443239445424],1.3180311828479039,9.246022462844849,300
[1.8298589302702697],[1.673050502019543],1.4242468686992231,9.246022462844849,300
[1.699007824289723],[1.4579041270456456],1.0973092040033487,9.246022462844849,300
[1.7081383717057272],[1.468909073683081],1.1060361497776867,9.246022462844849,300
[1.8488075089161025],[1.6721185121192277],1.3754891103459157,9.246022462844849,300
[1.6932182944842933],[1.4217009332287505],1.0027088156458284,9.246022462844849,300
[1.8319894180239014],[1.704802605486274],1.3295682647638682,9.246022462844849,300
[1.74890758992604],[1.474092087179172],1.216709859026249,9.246022462844849,300
[1.7419302013598474],[1.4798795478910474],1.1041184362881187,9.246022462844849,300
[1.8033473613310167],[1.5530027008994733],1.282565235515646,9.246022462844849,300
[1.7569444539627268],[1.3845757235161416],1.2784246268414372,9.246022462844849,300
[1.8527183022904483],[1.6682085427546163],1.3406973408932203,9.246022462844849,300
[1.7853968335690913],[1.6514124019451624],1.321840186779933,9.241707563400269,300
[1.7362646269885953],[1.3836855977670728],1.119803552392838,9.241707563400269,300
[1.771549276459586],[1.433298317870832],1.161122189827608,9.241707563400269,300
[1.8001590324413315],[1.4481443239445424],1.3180311828479039,9.241707563400269,300
[1.8298589302702697],[1.673050502019543],1.4242468686992231,9.241707563400269,300
[1.699007824289723],[1.4579041270456456],1.0973092040033487,9.241707563400269,300
[1.7081383717057272],[1.468909073683081],1.1060361497776867,9.241707563400269,300
[1.8488075089161025],[1.6721185121192277],1.3754891103459157,9.241707563400269,300
[1.6932182944842933],[1.4217009332287505],1.0027088156458284,9.241707563400269,300
[1.8319894180239014],[1.704802605486274],1.3295682647638682,9.241707563400269,300
[1.74890758992604],[1.474092087179172],1.216709859026249,9.241707563400269,300
[1.7419302013598474],[1.4798795478910474],1.1041184362881187,9.241707563400269,300
[1.8033473613310167],[1.5530027008994733],1.282565235515646,9.241707563400269,300
[1.7569444539627268],[1.3845757235161416],1.2784246268414372,9.241707563400269,300
[1.8527183022904483],[1.6682085427546163],1.3406973408932203,9.241707563400269,300
[1.7584209949362868],[1.4729891459617404],0.9994741072324225,9.241707563400269,300
[1.7853968335690913],[1.6514124019451624],1.321840186779933,9.363320589065552,300
[1.7362646269885953],[1.3836855977670728],1.119803552392838,9.363320589065552,300
[1.771549276459586],[1.433298317870832],1.161122189827608,9.363320589065552,300
[1.8001590324413315],[1.4481443239445424],1.3180311828479039,9.363320589065552,300
[1.8298589302702697],[1.673050502019543],1.4242468686992231,9.363320589065552,300
[1.699007824289723],[1.4579041270456456],1.0973092040033487,9.363320589065552,300
[1.7081383717057272],[1.468909073683081],1.1060361497776867,9.363320589065552,300
[1.8488075089161025],[1.6721185121192277],1.3754891103459157,9.363320589065552,300
[1.6932182944842933],[1.4217009332287505],1.0027088156458284,9.363320589065552,300
[1.8319894180239014],[1.704802605486274],1.3295682647638682,9.363320589065552,300
[1.74890758992604],[1.474092087179172],1.216709859026249,9.363320589065552,300
[1.7419302013598474],[1.4798795478910474],1.1041184362881187,9.363320589065552,300
[1.8033473613310167],[1.5530027008994733],1.282565235515646,9.363320589065552,300
[1.7569444539627268],[1.3845757235161416],1.2784246268414372,9.363320589065552,300
[1.8527183022904483],[1.6682085427546163],1.3406973408932203,9.363320589065552,300
[1.7584209949362868],[1.4729891459617404],0.9994741072324225,9.363320589065552,300
[1.8962611273018295],[1.691308275273362],1.479155699783138,9.363320589065552,300
[1.7853968335690913],[1.6514124019451624],1.321840186779933,9.194303035736084,300
[1.7362646269885953],[1.3836855977670728],1.119803552392838,9.194303035736084,300
[1.771549276459586],[1.433298317870832],1.161122189827608,9.194303035736084,300
[1.8001590324413315],[1.4481443239445424],1.3180311828479039,9.194303035736084,300
[1.8298589302702697],[1.673050502019543],1.4242468686992231,9.194303035736084,300
[1.699007824289723],[1.4579041270456456],1.0973092040033487,9.194303035736084,300
[1.7081383717057272],[1.468909073683081],1.1060361497776867,9.194303035736084,300
[1.8488075089161025],[1.6721185121192277],1.3754891103459157,9.194303035736084,300
[1.6932182944842933],[1.4217009332287505],1.0027088156458284,9.194303035736084,300
[1.8319894180239014],[1.704802605486274],1.3295682647638682,9.194303035736084,300
[1.74890758992604],[1.474092087179172],1.216709859026249,9.194303035736084,300
[1.7419302013598474],[1.4798795478910474],1.1041184362881187,9.194303035736084,300
[1.8033473613310167],[1.5530027008994733],1.282565235515646,9.194303035736084,300
[1.7569444539627268],[1.3845757235161416],1.2784246268414372,9.194303035736084,300
[1.8527183022904483],[1.6682085427546163],1.3406973408932203,9.194303035736084,300
[1.7584209949362868],[1.4729891459617404],0.9994741072324225,9.194303035736084,300
[1.8962611273018295],[1.691308275273362],1.479155699783138,9.194303035736084,300
[1.664118877886358],[1.473826012083682],1.1449479686906514,9.194303035736084,300
[1.7853968335690913],[1.6514124019451624],1.321840186779933,9.206505537033081,300
[1.7362646269885953],[1.3836855977670728],1.119803552392838,9.206505537033081,300
[1.771549276459586],[1.433298317870832],1.161122189827608,9.206505537033081,300
[1.8001590324413315],[1.4481443239445424],1.3180311828479039,9.206505537033081,300
[1.8298589302702697],[1.673050502019543],1.4242468686992231,9.206505537033081,300
[1.699007824289723],[1.4579041270456456],1.0973092040033487,9.206505537033081,300
[1.7081383717057272],[1.468909073683081],1.1060361497776867,9.206505537033081,300
[1.8488075089161025],[1.6721185121192277],1.3754891103459157,9.206505537033081,300
[1.6932182944842933],[1.4217009332287505],1.0027088156458284,9.206505537033081,300
[1.8319894180239014],[1.704802605486274],1.3295682647638682,9.206505537033081,300
[1.74890758992604],[1.474092087179172],1.216709859026249,9.206505537033081,300
[1.7419302013598474],[1.4798795478910474],1.1041184362881187,9.206505537033081,300
[1.8033473613310167],[1.5530027008994733],1.282565235515646,9.206505537033081,300
[1.7569444539627268],[1.3845757235161416],1.2784246268414372,9.206505537033081,300
[1.8527183022904483],[1.6682085427546163],1.3406973408932203,9.206505537033081,300
[1.7584209949362868],[1.4729891459617404],0.9994741072324225,9.206505537033081,300
[1.8962611273018295],[1.691308275273362],1.479155699783138,9.206505537033081,300
[1.664118877886358],[1.473826012083682],1.1449479686906514,9.206505537033081,300
[1.734706040979219],[1.214452290176159],1.022578298807361,9.206505537033081,300
[1.7853968335690913],[1.6514124019451624],1.321840186779933,9.394608497619629,300
[1.7362646269885953],[1.3836855977670728],1.119803552392838,9.394608497619629,300
[1.771549276459586],[1.433298317870832],1.161122189827608,9.394608497619629,300
[1.8001590324413315],[1.4481443239445424],1.3180311828479039,9.394608497619629,300
[1.8298589302702697],[1.673050502019543],1.4242468686992231,9.394608497619629,300
[1.699007824289723],[1.4579041270456456],1.0973092040033487,9.394608497619629,300
[1.7081383717057272],[1.468909073683081],1.1060361497776867,9.394608497619629,300
[1.8488075089161025],[1.6721185121192277],1.3754891103459157,9.394608497619629,300
[1.6932182944842933],[1.4217009332287505],1.0027088156458284,9.394608497619629,300
[1.8319894180239014],[1.704802605486274],1.3295682647638682,9.394608497619629,300
[1.74890758992604],[1.474092087179172],1.216709859026249,9.394608497619629,300
[1.7419302013598474],[1.4798795478910474],1.1041184362881187,9.394608497619629,300
[1.8033473613310167],[1.5530027008994733],1.282565235515646,9.394608497619629,300
[1.7569444539627268],[1.3845757235161416],1.2784246268414372,9.394608497619629,300
[1.8527183022904483],[1.6682085427546163],1.3406973408932203,9.394608497619629,300
[1.7584209949362868],[1.4729891459617404],0.9994741072324225,9.394608497619629,300
[1.8962611273018295],[1.691308275273362],1.479155699783138,9.394608497619629,300
[1.664118877886358],[1.473826012083682],1.1449479686906514,9.394608497619629,300
[1.734706040979219],[1.214452290176159],1.022578298807361,9.394608497619629,300
[1.6214851405930055],[1.2879619624311491],0.9968951967624743,9.394608497619629,300
[1.862210247688147],[1.6374872666109381],1.2872909819985532,13.484236717224121,400
[1.862210247688147],[1.6374872666109381],1.2872909819985532,13.580068588256836,400
[1.7897550340722752],[1.5694615035278778],1.0242158234830232,13.580068588256836,400
[1.862210247688147],[1.6374872666109381],1.2872909819985532,13.444899797439575,400
[1.7897550340722752],[1.5694615035278778],1.0242158234830232,13.444899797439575,400
[1.6825649270366947],[1.5576620169730617],0.9775946751887693,13.444899797439575,400
[1.862210247688147],[1.6374872666109381],1.2872909819985532,13.407695055007935,400
[1.7897550340722752],[1.5694615035278778],1.0242158234830232,13.407695055007935,400
[1.6825649270366947],[1.5576620169730617],0.9775946751887693,13.407695055007935,400
[1.8815045469727991],[1.6437866723688637],1.3705389875987102,13.407695055007935,400
[1.862210247688147],[1.6374872666109381],1.2872909819985532,13.527123928070068,400
[1.7897550340722752],[1.5694615035278778],1.0242158234830232,13.527123928070068,400
[1.6825649270366947],[1.5576620169730617],0.9775946751887693,13.527123928070068,400
[1.8815045469727991],[1.6437866723688637],1.3705389875987102,13.527123928070068,400
[1.86114319023163],[1.6848823939965898],1.06012893709029,13.527123928070068,400
[1.862210247688147],[1.6374872666109381],1.2872909819985532,13.407007694244385,400
[1.7897550340722752],[1.5694615035278778],1.0242158234830232,13.407007694244385,400
[1.6825649270366947],[1.5576620169730617],0.9775946751887693,13.407007694244385,400
[1.8815045469727991],[1.6437866723688637],1.3705389875987102,13.407007694244385,400
[1.86114319023163],[1.6848823939965898],1.06012893709029,13.407007694244385,400
[1.7869950566977022],[1.6574693124511848],1.1272918847708473,13.407007694244385,400
[1.862210247688147],[1.6374872666109381],1.2872909819985532,13.527832746505737,400
[1.7897550340722752],[1.5694615035278778],1.0242158234830232,13.527832746505737,400
[1.6825649270366947],[1.5576620169730617],0.9775946751887693,13.527832746505737,400
[1.8815045469727991],[1.6437866723688637],1.3705389875987102,13.527832746505737,400
[1.86114319023163],[1.6848823939965898],1.06012893709029,13.527832746505737,400
[1.7869950566977022],[1.6574693124511848],1.1272918847708473,13.527832746505737,400
[1.6955823102805372],[1.53643701552557],0.9316409108306007,13.527832746505737,400
[1.862210247688147],[1.6374872666109381],1.2872909819985532,13.443054437637329,400
[1.7897550340722752],[1.5694615035278778],1.0242158234830232,13.443054437637329,400
[1.6825649270366947],[1.5576620169730617],0.9775946751887693,13.443054437637329,400
[1.8815045469727991],[1.6437866723688637],1.3705389875987102,13.443054437637329,400
[1.86114319023163],[1.6848823939965898],1.06012893709029,13.443054437637329,400
[1.7869950566977022],[1.6574693124511848],1.1272918847708473,13.443054437637329,400
[1.6955823102805372],[1.53643701552557],0.9316409108306007,13.443054437637329,400
[1.7483662189327807],[1.4208292922291959],0.8974207436028729,13.443054437637329,400
[1.862210247688147],[1.6374872666109381],1.2872909819985532,13.61872410774231,400
[1.7897550340722752],[1.5694615035278778],1.0242158234830232,13.61872410774231,400
[1.6825649270366947],[1.5576620169730617],0.9775946751887693,13.61872410774231,400
[1.8815045469727991],[1.6437866723688637],1.3705389875987102,13.61872410774231,400
[1.86114319023163],[1.6848823939965898],1.06012893709029,13.61872410774231,400
[1.7869950566977022],[1.6574693124511848],1.1272918847708473,13.61872410774231,400
[1.6955823102805372],[1.53643701552557],0.9316409108306007,13.61872410774231,400
[1.7483662189327807],[1.4208292922291959],0.8974207436028729,13.61872410774231,400
[1.831461857886163],[1.6577340283665802],1.2227808609560065,13.61872410774231,400
[1.862210247688147],[1.6374872666109381],1.2872909819985532,13.464613437652588,400
[1.7897550340722752],[1.5694615035278778],1.0242158234830232,13.464613437652588,400
[1.6825649270366947],[1.5576620169730617],0.9775946751887693,13.464613437652588,400
[1.8815045469727991],[1.6437866723688637],1.3705389875987102,13.464613437652588,400
[1.86114319023163],[1.6848823939965898],1.06012893709029,13.464613437652588,400
[1.7869950566977022],[1.6574693124511848],1.1272918847708473,13.464613437652588,400
[1.6955823102805372],[1.53643701552557],0.9316409108306007,13.464613437652588,400
[1.7483662189327807],[1.4208292922291959],0.8974207436028729,13.464613437652588,400
[1.831461857886163],[1.6577340283665802],1.2227808609560065,13.464613437652588,400
[1.6154605975112462],[1.540083594361173],0.7522354377183363,13.464613437652588,400
[1.862210247688147],[1.6374872666109381],1.2872909819985532,13.418832778930664,400
[1.7897550340722752],[1.5694615035278778],1.0242158234830232,13.418832778930664,400
[1.6825649270366947],[1.5576620169730617],0.9775946751887693,13.418832778930664,400
[1.8815045469727991],[1.6437866723688637],1.3705389875987102,13.418832778930664,400
[1.86114319023163],[1.6848823939965898],1.06012893709029,13.418832778930664,400
[1.7869950566977022],[1.6574693124511848],1.1272918847708473,13.418832778930664,400
[1.6955823102805372],[1.53643701552557],0.9316409108306007,13.418832778930664,400
[1.7483662189327807],[1.4208292922291959],0.8974207436028729,13.418832778930664,400
[1.831461857886163],[1.6577340283665802],1.2227808609560065,13.418832778930664,400
[1.6154605975112462],[1.540083594361173],0.7522354377183363,13.418832778930664,400
[1.7170613913353951],[1.5883607568570972],0.9587460002288521,13.418832778930664,400
[1.862210247688147],[1.6374872666109381],1.2872909819985532,13.51063323020935,400
[1.7897550340722752],[1.5694615035278778],1.0242158234830232,13.51063323020935,400
[1.6825649270366947],[1.5576620169730617],0.9775946751887693,13.51063323020935,400
[1.8815045469727991],[1.6437866723688637],1.3705389875987102,13.51063323020935,400
[1.86114319023163],[1.6848823939965898],1.06012893709029,13.51063323020935,400
[1.7869950566977022],[1.6574693124511848],1.1272918847708473,13.51063323020935,400
[1.6955823102805372],[1.53643701552557],0.9316409108306007,13.51063323020935,400
[1.7483662189327807],[1.4208292922291959],0.8974207436028729,13.51063323020935,400
[1.831461857886163],[1.6577340283665802],1.2227808609560065,13.51063323020935,400
[1.6154605975112462],[1.540083594361173],0.7522354377183363,13.51063323020935,400
[1.7170613913353951],[1.5883607568570972],0.9587460002288521,13.51063323020935,400
[1.78622956104457],[1.504896809028054],1.1835001657161708,13.51063323020935,400
[1.862210247688147],[1.6374872666109381],1.2872909819985532,13.510809183120728,400
[1.7897550340722752],[1.5694615035278778],1.0242158234830232,13.510809183120728,400
[1.6825649270366947],[1.5576620169730617],0.9775946751887693,13.510809183120728,400
[1.8815045469727991],[1.6437866723688637],1.3705389875987102,13.510809183120728,400
[1.86114319023163],[1.6848823939965898],1.06012893709029,13.510809183120728,400
[1.7869950566977022],[1.6574693124511848],1.1272918847708473,13.510809183120728,400
[1.6955823102805372],[1.53643701552557],0.9316409108306007,13.510809183120728,400
[1.7483662189327807],[1.4208292922291959],0.8974207436028729,13.510809183120728,400
[1.831461857886163],[1.6577340283665802],1.2227808609560065,13.510809183120728,400
[1.6154605975112462],[1.540083594361173],0.7522354377183363,13.510809183120728,400
[1.7170613913353951],[1.5883607568570972],0.9587460002288521,13.510809183120728,400
[1.78622956104457],[1.504896809028054],1.1835001657161708,13.510809183120728,400
[1.8735660190330188],[1.6221695282780735],1.3164659921919164,13.510809183120728,400
[1.862210247688147],[1.6374872666109381],1.2872909819985532,13.559357643127441,400
[1.7897550340722752],[1.5694615035278778],1.0242158234830232,13.559357643127441,400
[1.6825649270366947],[1.5576620169730617],0.9775946751887693,13.559357643127441,400
[1.8815045469727991],[1.6437866723688637],1.3705389875987102,13.559357643127441,400
[1.86114319023163],[1.6848823939965898],1.06012893709029,13.559357643127441,400
[1.7869950566977022],[1.6574693124511848],1.1272918847708473,13.559357643127441,400
[1.6955823102805372],[1.53643701552557],0.9316409108306007,13.559357643127441,400
[1.7483662189327807],[1.4208292922291959],0.8974207436028729,13.559357643127441,400
[1.831461857886163],[1.6577340283665802],1.2227808609560065,13.559357643127441,400
[1.6154605975112462],[1.540083594361173],0.7522354377183363,13.559357643127441,400
[1.7170613913353951],[1.5883607568570972],0.9587460002288521,13.559357643127441,400
[1.78622956104457],[1.504896809028054],1.1835001657161708,13.559357643127441,400
[1.8735660190330188],[1.6221695282780735],1.3164659921919164,13.559357643127441,400
[1.7369078215040903],[1.466012783863011],0.9581626422840583,13.559357643127441,400
[1.862210247688147],[1.6374872666109381],1.2872909819985532,13.550962686538696,400
[1.7897550340722752],[1.5694615035278778],1.0242158234830232,13.550962686538696,400
[1.6825649270366947],[1.5576620169730617],0.9775946751887693,13.550962686538696,400
[1.8815045469727991],[1.6437866723688637],1.3705389875987102,13.550962686538696,400
[1.86114319023163],[1.6848823939965898],1.06012893709029,13.550962686538696,400
[1.7869950566977022],[1.6574693124511848],1.1272918847708473,13.550962686538696,400
[1.6955823102805372],[1.53643701552557],0.9316409108306007,13.550962686538696,400
[1.7483662189327807],[1.4208292922291959],0.8974207436028729,13.550962686538696,400
[1.831461857886163],[1.6577340283665802],1.2227808609560065,13.550962686538696,400
[1.6154605975112462],[1.540083594361173],0.7522354377183363,13.550962686538696,400
[1.7170613913353951],[1.5883607568570972],0.9587460002288521,13.550962686538696,400
[1.78622956104457],[1.504896809028054],1.1835001657161708,13.550962686538696,400
[1.8735660190330188],[1.6221695282780735],1.3164659921919164,13.550962686538696,400
[1.7369078215040903],[1.466012783863011],0.9581626422840583,13.550962686538696,400
[1.6999326387804976],[1.6205015471449569],0.8156956734464185,13.550962686538696,400
[1.862210247688147],[1.6374872666109381],1.2872909819985532,13.58549427986145,400
[1.7897550340722752],[1.5694615035278778],1.0242158234830232,13.58549427986145,400
[1.6825649270366947],[1.5576620169730617],0.9775946751887693,13.58549427986145,400
[1.8815045469727991],[1.6437866723688637],1.3705389875987102,13.58549427986145,400
[1.86114319023163],[1.6848823939965898],1.06012893709029,13.58549427986145,400
[1.7869950566977022],[1.6574693124511848],1.1272918847708473,13.58549427986145,400
[1.6955823102805372],[1.53643701552557],0.9316409108306007,13.58549427986145,400
[1.7483662189327807],[1.4208292922291959],0.8974207436028729,13.58549427986145,400
[1.831461857886163],[1.6577340283665802],1.2227808609560065,13.58549427986145,400
[1.6154605975112462],[1.540083594361173],0.7522354377183363,13.58549427986145,400
[1.7170613913353951],[1.5883607568570972],0.9587460002288521,13.58549427986145,400
[1.78622956104457],[1.504896809028054],1.1835001657161708,13.58549427986145,400
[1.8735660190330188],[1.6221695282780735],1.3164659921919164,13.58549427986145,400
[1.7369078215040903],[1.466012783863011],0.9581626422840583,13.58549427986145,400
[1.6999326387804976],[1.6205015471449569],0.8156956734464185,13.58549427986145,400
[1.8390455450510483],[1.646497699119862],1.1953344395499452,13.58549427986145,400
[1.862210247688147],[1.6374872666109381],1.2872909819985532,13.455206394195557,400
[1.7897550340722752],[1.5694615035278778],1.0242158234830232,13.455206394195557,400
[1.6825649270366947],[1.5576620169730617],0.9775946751887693,13.455206394195557,400
[1.8815045469727991],[1.6437866723688637],1.3705389875987102,13.455206394195557,400
[1.86114319023163],[1.6848823939965898],1.06012893709029,13.455206394195557,400
[1.7869950566977022],[1.6574693124511848],1.1272918847708473,13.455206394195557,400
[1.6955823102805372],[1.53643701552557],0.9316409108306007,13.455206394195557,400
[1.7483662189327807],[1.4208292922291959],0.8974207436028729,13.455206394195557,400
[1.831461857886163],[1.6577340283665802],1.2227808609560065,13.455206394195557,400
[1.6154605975112462],[1.540083594361173],0.7522354377183363,13.455206394195557,400
[1.7170613913353951],[1.5883607568570972],0.9587460002288521,13.455206394195557,400
[1.78622956104457],[1.504896809028054],1.1835001657161708,13.455206394195557,400
[1.8735660190330188],[1.6221695282780735],1.3164659921919164,13.455206394195557,400
[1.7369078215040903],[1.466012783863011],0.9581626422840583,13.455206394195557,400
[1.6999326387804976],[1.6205015471449569],0.8156956734464185,13.455206394195557,400
[1.8390455450510483],[1.646497699119862],1.1953344395499452,13.455206394195557,400
[1.7084033153241274],[1.3879870793427889],1.0654061153889158,13.455206394195557,400
[1.862210247688147],[1.6374872666109381],1.2872909819985532,13.48401403427124,400
[1.7897550340722752],[1.5694615035278778],1.0242158234830232,13.48401403427124,400
[1.6825649270366947],[1.5576620169730617],0.9775946751887693,13.48401403427124,400
[1.8815045469727991],[1.6437866723688637],1.3705389875987102,13.48401403427124,400
[1.86114319023163],[1.6848823939965898],1.06012893709029,13.48401403427124,400
[1.7869950566977022],[1.6574693124511848],1.1272918847708473,13.48401403427124,400
[1.6955823102805372],[1.53643701552557],0.9316409108306007,13.48401403427124,400
[1.7483662189327807],[1.4208292922291959],0.8974207436028729,13.48401403427124,400
[1.831461857886163],[1.6577340283665802],1.2227808609560065,13.48401403427124,400
[1.6154605975112462],[1.540083594361173],0.7522354377183363,13.48401403427124,400
[1.7170613913353951],[1.5883607568570972],0.9587460002288521,13.48401403427124,400
[1.78622956104457],[1.504896809028054],1.1835001657161708,13.48401403427124,400
[1.8735660190330188],[1.6221695282780735],1.3164659921919164,13.48401403427124,400
[1.7369078215040903],[1.466012783863011],0.9581626422840583,13.48401403427124,400
[1.6999326387804976],[1.6205015471449569],0.8156956734464185,13.48401403427124,400
[1.8390455450510483],[1.646497699119862],1.1953344395499452,13.48401403427124,400
[1.7084033153241274],[1.3879870793427889],1.0654061153889158,13.48401403427124,400
[1.7866209357011673],[1.4675373173457709],1.1406328486322974,13.48401403427124,400
[1.862210247688147],[1.6374872666109381],1.2872909819985532,13.54442286491394,400
[1.7897550340722752],[1.5694615035278778],1.0242158234830232,13.54442286491394,400
[1.6825649270366947],[1.5576620169730617],0.9775946751887693,13.54442286491394,400
[1.8815045469727991],[1.6437866723688637],1.3705389875987102,13.54442286491394,400
[1.86114319023163],[1.6848823939965898],1.06012893709029,13.54442286491394,400
[1.7869950566977022],[1.6574693124511848],1.1272918847708473,13.54442286491394,400
[1.6955823102805372],[1.53643701552557],0.9316409108306007,13.54442286491394,400
[1.7483662189327807],[1.4208292922291959],0.8974207436028729,13.54442286491394,400
[1.831461857886163],[1.6577340283665802],1.2227808609560065,13.54442286491394,400
[1.6154605975112462],[1.540083594361173],0.7522354377183363,13.54442286491394,400
[1.7170613913353951],[1.5883607568570972],0.9587460002288521,13.54442286491394,400
[1.78622956104457],[1.504896809028054],1.1835001657161708,13.54442286491394,400
[1.8735660190330188],[1.6221695282780735],1.3164659921919164,13.54442286491394,400
[1.7369078215040903],[1.466012783863011],0.9581626422840583,13.54442286491394,400
[1.6999326387804976],[1.6205015471449569],0.8156956734464185,13.54442286491394,400
[1.8390455450510483],[1.646497699119862],1.1953344395499452,13.54442286491394,400
[1.7084033153241274],[1.3879870793427889],1.0654061153889158,13.54442286491394,400
[1.7866209357011673],[1.4675373173457709],1.1406328486322974,13.54442286491394,400
[1.7970612719323205],[1.5607623103527242],1.2290669248369996,13.54442286491394,400
[1.862210247688147],[1.6374872666109381],1.2872909819985532,13.479009866714478,400
[1.7897550340722752],[1.5694615035278778],1.0242158234830232,13.479009866714478,400
[1.6825649270366947],[1.5576620169730617],0.9775946751887693,13.479009866714478,400
[1.8815045469727991],[1.6437866723688637],1.3705389875987102,13.479009866714478,400
[1.86114319023163],[1.6848823939965898],1.06012893709029,13.479009866714478,400
[1.7869950566977022],[1.6574693124511848],1.1272918847708473,13.479009866714478,400
[1.6955823102805372],[1.53643701552557],0.9316409108306007,13.479009866714478,400
[1.7483662189327807],[1.4208292922291959],0.8974207436028729,13.479009866714478,400
[1.831461857886163],[1.6577340283665802],1.2227808609560065,13.479009866714478,400
[1.6154605975112462],[1.540083594361173],0.7522354377183363,13.479009866714478,400
[1.7170613913353951],[1.5883607568570972],0.9587460002288521,13.479009866714478,400
[1.78622956104457],[1.504896809028054],1.1835001657161708,13.479009866714478,400
[1.8735660190330188],[1.6221695282780735],1.3164659921919164,13.479009866714478,400
[1.7369078215040903],[1.466012783863011],0.9581626422840583,13.479009866714478,400
[1.6999326387804976],[1.6205015471449569],0.8156956734464185,13.479009866714478,400
[1.8390455450510483],[1.646497699119862],1.1953344395499452,13.479009866714478,400
[1.7084033153241274],[1.3879870793427889],1.0654061153889158,13.479009866714478,400
[1.7866209357011673],[1.4675373173457709],1.1406328486322974,13.479009866714478,400
[1.7970612719323205],[1.5607623103527242],1.2290669248369996,13.479009866714478,400
[1.757851707104297],[1.4636530573088016],1.1380576359579075,13.479009866714478,400
[1.5532188444957002],[1.299136055973598],0.9258152822703897,17.247741222381592,500
[1.5532188444957002],[1.299136055973598],0.9258152822703897,17.31296443939209,500
[1.9137416009139923],[1.6780724193953394],1.3560319071694955,17.31296443939209,500
[1.5532188444957002],[1.299136055973598],0.9258152822703897,17.218766450881958,500
[1.9137416009139923],[1.6780724193953394],1.3560319071694955,17.218766450881958,500
[1.7599833955070536],[1.425984597100165],1.079593925180481,17.218766450881958,500
[1.5532188444957002],[1.299136055973598],0.9258152822703897,17.290083169937134,500
[1.9137416009139923],[1.6780724193953394],1.3560319071694955,17.290083169937134,500
[1.7599833955070536],[1.425984597100165],1.079593925180481,17.290083169937134,500
[1.8252501607618394],[1.6321771529204916],0.875666381087928,17.290083169937134,500
[1.5532188444957002],[1.299136055973598],0.9258152822703897,17.19514536857605,500
[1.9137416009139923],[1.6780724193953394],1.3560319071694955,17.19514536857605,500
[1.7599833955070536],[1.425984597100165],1.079593925180481,17.19514536857605,500
[1.8252501607618394],[1.6321771529204916],0.875666381087928,17.19514536857605,500
[1.810771536989245],[1.3063757754958898],1.239571342904563,17.19514536857605,500
[1.5532188444957002],[1.299136055973598],0.9258152822703897,17.38930034637451,500
[1.9137416009139923],[1.6780724193953394],1.3560319071694955,17.38930034637451,500
[1.7599833955070536],[1.425984597100165],1.079593925180481,17.38930034637451,500
[1.8252501607618394],[1.6321771529204916],0.875666381087928,17.38930034637451,500
[1.810771536989245],[1.3063757754958898],1.239571342904563,17.38930034637451,500
[1.8146009381490964],[1.5532972390177102],0.779107864094551,17.38930034637451,500
[1.5532188444957002],[1.299136055973598],0.9258152822703897,17.222557067871094,500
[1.9137416009139923],[1.6780724193953394],1.3560319071694955,17.222557067871094,500
[1.7599833955070536],[1.425984597100165],1.079593925180481,17.222557067871094,500
[1.8252501607618394],[1.6321771529204916],0.875666381087928,17.222557067871094,500
[1.810771536989245],[1.3063757754958898],1.239571342904563,17.222557067871094,500
[1.8146009381490964],[1.5532972390177102],0.779107864094551,17.222557067871094,500
[1.8511337986522158],[1.641678960063335],0.9471366583925397,17.222557067871094,500
[1.5532188444957002],[1.299136055973598],0.9258152822703897,17.296850204467773,500
[1.9137416009139923],[1.6780724193953394],1.3560319071694955,17.296850204467773,500
[1.7599833955070536],[1.425984597100165],1.079593925180481,17.296850204467773,500
[1.8252501607618394],[1.6321771529204916],0.875666381087928,17.296850204467773,500
[1.810771536989245],[1.3063757754958898],1.239571342904563,17.296850204467773,500
[1.8146009381490964],[1.5532972390177102],0.779107864094551,17.296850204467773,500
[1.8511337986522158],[1.641678960063335],0.9471366583925397,17.296850204467773,500
[1.6769205676136902],[1.4823521741909285],0.9246260832178449,17.296850204467773,500
[1.5532188444957002],[1.299136055973598],0.9258152822703897,17.28065013885498,500
[1.9137416009139923],[1.6780724193953394],1.3560319071694955,17.28065013885498,500
[1.7599833955070536],[1.425984597100165],1.079593925180481,17.28065013885498,500
[1.8252501607618394],[1.6321771529204916],0.875666381087928,17.28065013885498,500
[1.810771536989245],[1.3063757754958898],1.239571342904563,17.28065013885498,500
[1.8146009381490964],[1.5532972390177102],0.779107864094551,17.28065013885498,500
[1.8511337986522158],[1.641678960063335],0.9471366583925397,17.28065013885498,500
[1.6769205676136902],[1.4823521741909285],0.9246260832178449,17.28065013885498,500
[1.7768146276324528],[1.5307435043540698],1.0212915675799963,17.28065013885498,500
[1.5532188444957002],[1.299136055973598],0.9258152822703897,17.29614233970642,500
[1.9137416009139923],[1.6780724193953394],1.3560319071694955,17.29614233970642,500
[1.7599833955070536],[1.425984597100165],1.079593925180481,17.29614233970642,500
[1.8252501607618394],[1.6321771529204916],0.875666381087928,17.29614233970642,500
[1.810771536989245],[1.3063757754958898],1.239571342904563,17.29614233970642,500
[1.8146009381490964],[1.5532972390177102],0.779107864094551,17.29614233970642,500
[1.8511337986522158],[1.641678960063335],0.9471366583925397,17.29614233970642,500
[1.6769205676136902],[1.4823521741909285],0.9246260832178449,17.29614233970642,500
[1.7768146276324528],[1.5307435043540698],1.0212915675799963,17.29614233970642,500
[1.857697937623298],[1.6854845577411224],1.291427445076673,17.29614233970642,500
[1.5532188444957002],[1.299136055973598],0.9258152822703897,17.287952423095703,500
[1.9137416009139923],[1.6780724193953394],1.3560319071694955,17.287952423095703,500
[1.7599833955070536],[1.425984597100165],1.079593925180481,17.287952423095703,500
[1.8252501607618394],[1.6321771529204916],0.875666381087928,17.287952423095703,500
[1.810771536989245],[1.3063757754958898],1.239571342904563,17.287952423095703,500
[1.8146009381490964],[1.5532972390177102],0.779107864094551,17.287952423095703,500
[1.8511337986522158],[1.641678960063335],0.9471366583925397,17.287952423095703,500
[1.6769205676136902],[1.4823521741909285],0.9246260832178449,17.287952423095703,500
[1.7768146276324528],[1.5307435043540698],1.0212915675799963,17.287952423095703,500
[1.857697937623298],[1.6854845577411224],1.291427445076673,17.287952423095703,500
[1.8492241745760767],[1.63172298267129],1.2341288883062036,17.287952423095703,500
[1.5532188444957002],[1.299136055973598],0.9258152822703897,17.219494819641113,500
[1.9137416009139923],[1.6780724193953394],1.3560319071694955,17.219494819641113,500
[1.7599833955070536],[1.425984597100165],1.079593925180481,17.219494819641113,500
[1.8252501607618394],[1.6321771529204916],0.875666381087928,17.219494819641113,500
[1.810771536989245],[1.3063757754958898],1.239571342904563,17.219494819641113,500
[1.8146009381490964],[1.5532972390177102],0.779107864094551,17.219494819641113,500
[1.8511337986522158],[1.641678960063335],0.9471366583925397,17.219494819641113,500
[1.6769205676136902],[1.4823521741909285],0.9246260832178449,17.219494819641113,500
[1.7768146276324528],[1.5307435043540698],1.0212915675799963,17.219494819641113,500
[1.857697937623298],[1.6854845577411224],1.291427445076673,17.219494819641113,500
[1.8492241745760767],[1.63172298267129],1.2341288883062036,17.219494819641113,500
[1.7874571825896268],[1.6884405996681913],1.0674035436845892,17.219494819641113,500
[1.5532188444957002],[1.299136055973598],0.9258152822703897,17.28213882446289,500
[1.9137416009139923],[1.6780724193953394],1.3560319071694955,17.28213882446289,500
[1.7599833955070536],[1.425984597100165],1.079593925180481,17.28213882446289,500
[1.8252501607618394],[1.6321771529204916],0.875666381087928,17.28213882446289,500
[1.810771536989245],[1.3063757754958898],1.239571342904563,17.28213882446289,500
[1.8146009381490964],[1.5532972390177102],0.779107864094551,17.28213882446289,500
[1.8511337986522158],[1.641678960063335],0.9471366583925397,17.28213882446289,500
[1.6769205676136902],[1.4823521741909285],0.9246260832178449,17.28213882446289,500
[1.7768146276324528],[1.5307435043540698],1.0212915675799963,17.28213882446289,500
[1.857697937623298],[1.6854845577411224],1.291427445076673,17.28213882446289,500
[1.8492241745760767],[1.63172298267129],1.2341288883062036,17.28213882446289,500
[1.7874571825896268],[1.6884405996681913],1.0674035436845892,17.28213882446289,500
[1.8189163287657197],[1.6360862178075504],1.2438409134531105,17.28213882446289,500
[1.5532188444957002],[1.299136055973598],0.9258152822703897,17.208534717559814,500
[1.9137416009139923],[1.6780724193953394],1.3560319071694955,17.208534717559814,500
[1.7599833955070536],[1.425984597100165],1.079593925180481,17.208534717559814,500
[1.8252501607618394],[1.6321771529204916],0.875666381087928,17.208534717559814,500
[1.810771536989245],[1.3063757754958898],1.239571342904563,17.208534717559814,500
[1.8146009381490964],[1.5532972390177102],0.779107864094551,17.208534717559814,500
[1.8511337986522158],[1.641678960063335],0.9471366583925397,17.208534717559814,500
[1.6769205676136902],[1.4823521741909285],0.9246260832178449,17.208534717559814,500
[1.7768146276324528],[1.5307435043540698],1.0212915675799963,17.208534717559814,500
[1.857697937623298],[1.6854845577411224],1.291427445076673,17.208534717559814,500
[1.8492241745760767],[1.63172298267129],1.2341288883062036,17.208534717559814,500
[1.7874571825896268],[1.6884405996681913],1.0674035436845892,17.208534717559814,500
[1.8189163287657197],[1.6360862178075504],1.2438409134531105,17.208534717559814,500
[1.7888111221132017],[1.5789859855929054],1.236442788621766,17.208534717559814,500
[1.5532188444957002],[1.299136055973598],0.9258152822703897,17.258995056152344,500
[1.9137416009139923],[1.6780724193953394],1.3560319071694955,17.258995056152344,500
[1.7599833955070536],[1.425984597100165],1.079593925180481,17.258995056152344,500
[1.8252501607618394],[1.6321771529204916],0.875666381087928,17.258995056152344,500
[1.810771536989245],[1.3063757754958898],1.239571342904563,17.258995056152344,500
[1.8146009381490964],[1.5532972390177102],0.779107864094551,17.258995056152344,500
[1.8511337986522158],[1.641678960063335],0.9471366583925397,17.258995056152344,500
[1.6769205676136902],[1.4823521741909285],0.9246260832178449,17.258995056152344,500
[1.7768146276324528],[1.5307435043540698],1.0212915675799963,17.258995056152344,500
[1.857697937623298],[1.6854845577411224],1.291427445076673,17.258995056152344,500
[1.8492241745760767],[1.63172298267129],1.2341288883062036,17.258995056152344,500
[1.7874571825896268],[1.6884405996681913],1.0674035436845892,17.258995056152344,500
[1.8189163287657197],[1.6360862178075504],1.2438409134531105,17.258995056152344,500
[1.7888111221132017],[1.5789859855929054],1.236442788621766,17.258995056152344,500
[1.7968818725713065],[1.6670046370606362],1.1226171570479453,17.258995056152344,500
[1.5532188444957002],[1.299136055973598],0.9258152822703897,17.254000663757324,500
[1.9137416009139923],[1.6780724193953394],1.3560319071694955,17.254000663757324,500
[1.7599833955070536],[1.425984597100165],1.079593925180481,17.254000663757324,500
[1.8252501607618394],[1.6321771529204916],0.875666381087928,17.254000663757324,500
[1.810771536989245],[1.3063757754958898],1.239571342904563,17.254000663757324,500
[1.8146009381490964],[1.5532972390177102],0.779107864094551,17.254000663757324,500
[1.8511337986522158],[1.641678960063335],0.9471366583925397,17.254000663757324,500
[1.6769205676136902],[1.4823521741909285],0.9246260832178449,17.254000663757324,500
[1.7768146276324528],[1.5307435043540698],1.0212915675799963,17.254000663757324,500
[1.857697937623298],[1.6854845577411224],1.291427445076673,17.254000663757324,500
[1.8492241745760767],[1.63172298267129],1.2341288883062036,17.254000663757324,500
[1.7874571825896268],[1.6884405996681913],1.0674035436845892,17.254000663757324,500
[1.8189163287657197],[1.6360862178075504],1.2438409134531105,17.254000663757324,500
[1.7888111221132017],[1.5789859855929054],1.236442788621766,17.254000663757324,500
[1.7968818725713065],[1.6670046370606362],1.1226171570479453,17.254000663757324,500
[1.9688011607379141],[1.7694190337960145],1.4287013720663482,17.254000663757324,500
[1.5532188444957002],[1.299136055973598],0.9258152822703897,17.24537181854248,500
[1.9137416009139923],[1.6780724193953394],1.3560319071694955,17.24537181854248,500
[1.7599833955070536],[1.425984597100165],1.079593925180481,17.24537181854248,500
[1.8252501607618394],[1.6321771529204916],0.875666381087928,17.24537181854248,500
[1.810771536989245],[1.3063757754958898],1.239571342904563,17.24537181854248,500
[1.8146009381490964],[1.5532972390177102],0.779107864094551,17.24537181854248,500
[1.8511337986522158],[1.641678960063335],0.9471366583925397,17.24537181854248,500
[1.6769205676136902],[1.4823521741909285],0.9246260832178449,17.24537181854248,500
[1.7768146276324528],[1.5307435043540698],1.0212915675799963,17.24537181854248,500
[1.857697937623298],[1.6854845577411224],1.291427445076673,17.24537181854248,500
[1.8492241745760767],[1.63172298267129],1.2341288883062036,17.24537181854248,500
[1.7874571825896268],[1.6884405996681913],1.0674035436845892,17.24537181854248,500
[1.8189163287657197],[1.6360862178075504],1.2438409134531105,17.24537181854248,500
[1.7888111221132017],[1.5789859855929054],1.236442788621766,17.24537181854248,500
[1.7968818725713065],[1.6670046370606362],1.1226171570479453,17.24537181854248,500
[1.9688011607379141],[1.7694190337960145],1.4287013720663482,17.24537181854248,500
[1.7891693571638965],[1.2574867351342225],1.0183369591329186,17.24537181854248,500
[1.5532188444957002],[1.299136055973598],0.9258152822703897,17.310872793197632,500
[1.9137416009139923],[1.6780724193953394],1.3560319071694955,17.310872793197632,500
[1.7599833955070536],[1.425984597100165],1.079593925180481,17.310872793197632,500
[1.8252501607618394],[1.6321771529204916],0.875666381087928,17.310872793197632,500
[1.810771536989245],[1.3063757754958898],1.239571342904563,17.310872793197632,500
[1.8146009381490964],[1.5532972390177102],0.779107864094551,17.310872793197632,500
[1.8511337986522158],[1.641678960063335],0.9471366583925397,17.310872793197632,500
[1.6769205676136902],[1.4823521741909285],0.9246260832178449,17.310872793197632,500
[1.7768146276324528],[1.5307435043540698],1.0212915675799963,17.310872793197632,500
[1.857697937623298],[1.6854845577411224],1.291427445076673,17.310872793197632,500
[1.8492241745760767],[1.63172298267129],1.2341288883062036,17.310872793197632,500
[1.7874571825896268],[1.6884405996681913],1.0674035436845892,17.310872793197632,500
[1.8189163287657197],[1.6360862178075504],1.2438409134531105,17.310872793197632,500
[1.7888111221132017],[1.5789859855929054],1.236442788621766,17.310872793197632,500
[1.7968818725713065],[1.6670046370606362],1.1226171570479453,17.310872793197632,500
[1.9688011607379141],[1.7694190337960145],1.4287013720663482,17.310872793197632,500
[1.7891693571638965],[1.2574867351342225],1.0183369591329186,17.310872793197632,500
[1.7385178771441536],[1.5634634643880017],1.1592212256562469,17.310872793197632,500
[1.5532188444957002],[1.299136055973598],0.9258152822703897,17.7299747467041,500
[1.9137416009139923],[1.6780724193953394],1.3560319071694955,17.7299747467041,500
[1.7599833955070536],[1.425984597100165],1.079593925180481,17.7299747467041,500
[1.8252501607618394],[1.6321771529204916],0.875666381087928,17.7299747467041,500
[1.810771536989245],[1.3063757754958898],1.239571342904563,17.7299747467041,500
[1.8146009381490964],[1.5532972390177102],0.779107864094551,17.7299747467041,500
[1.8511337986522158],[1.641678960063335],0.9471366583925397,17.7299747467041,500
[1.6769205676136902],[1.4823521741909285],0.9246260832178449,17.7299747467041,500
[1.7768146276324528],[1.5307435043540698],1.0212915675799963,17.7299747467041,500
[1.857697937623298],[1.6854845577411224],1.291427445076673,17.7299747467041,500
[1.8492241745760767],[1.63172298267129],1.2341288883062036,17.7299747467041,500
[1.7874571825896268],[1.6884405996681913],1.0674035436845892,17.7299747467041,500
[1.8189163287657197],[1.6360862178075504],1.2438409134531105,17.7299747467041,500
[1.7888111221132017],[1.5789859855929054],1.236442788621766,17.7299747467041,500
[1.7968818725713065],[1.6670046370606362],1.1226171570479453,17.7299747467041,500
[1.9688011607379141],[1.7694190337960145],1.4287013720663482,17.7299747467041,500
[1.7891693571638965],[1.2574867351342225],1.0183369591329186,17.7299747467041,500
[1.7385178771441536],[1.5634634643880017],1.1592212256562469,17.7299747467041,500
[1.610704205596889],[1.4527003732076649],1.105188308532188,17.7299747467041,500
[1.5532188444957002],[1.299136055973598],0.9258152822703897,17.300360202789307,500
[1.9137416009139923],[1.6780724193953394],1.3560319071694955,17.300360202789307,500
[1.7599833955070536],[1.425984597100165],1.079593925180481,17.300360202789307,500
[1.8252501607618394],[1.6321771529204916],0.875666381087928,17.300360202789307,500
[1.810771536989245],[1.3063757754958898],1.239571342904563,17.300360202789307,500
[1.8146009381490964],[1.5532972390177102],0.779107864094551,17.300360202789307,500
[1.8511337986522158],[1.641678960063335],0.9471366583925397,17.300360202789307,500
[1.6769205676136902],[1.4823521741909285],0.9246260832178449,17.300360202789307,500
[1.7768146276324528],[1.5307435043540698],1.0212915675799963,17.300360202789307,500
[1.857697937623298],[1.6854845577411224],1.291427445076673,17.300360202789307,500
[1.8492241745760767],[1.63172298267129],1.2341288883062036,17.300360202789307,500
[1.7874571825896268],[1.6884405996681913],1.0674035436845892,17.300360202789307,500
[1.8189163287657197],[1.6360862178075504],1.2438409134531105,17.300360202789307,500
[1.7888111221132017],[1.5789859855929054],1.236442788621766,17.300360202789307,500
[1.7968818725713065],[1.6670046370606362],1.1226171570479453,17.300360202789307,500
[1.9688011607379141],[1.7694190337960145],1.4287013720663482,17.300360202789307,500
[1.7891693571638965],[1.2574867351342225],1.0183369591329186,17.300360202789307,500
[1.7385178771441536],[1.5634634643880017],1.1592212256562469,17.300360202789307,500
[1.610704205596889],[1.4527003732076649],1.105188308532188,17.300360202789307,500
[1.7506908691163534],[1.6592482372580815],1.1133586281829795,17.300360202789307,500
